5537 W Broadway Ave,Crystal,MN,55428,45.053348506223955,-93.36458402909183
1902 Miller Trunk Hwy,Duluth,MN,55811,46.8087054,-92.1676516
2555 W 79th St,Bloomington,MN,55431,44.8601,-93.2376
12275 St Charles Rock Rd,Bridgeton,MO,63044,38.7404,-90.4037
13131 Montfort Dr,Dallas,TX,75240,32.9279172,-96.8129434
1701 S Yale Ave,Tulsa,OK,74112,36.1380953677813,-95.92235286793797
4777 S 27th St,Greenfield,WI,53221,42.9567716,-87.9509628
15025 Manchester Rd,Ballwin,MO,63011,38.5948683,-90.5471902
5400 N May Ave,Oklahoma City,OK,73112,35.5243902,-97.564354
7899 Wadsworth Blvd,Arvada,CO,80003,39.8396288,-105.085567
2500 E Lake St,Minneapolis,MN,55406,44.9484,-93.2361
6464 E NORTHWEST HWY STE 212,Dallas,TX,75214,32.85826131797011,-96.7522715376318
4202 13th Ave SW,Fargo,ND,58103,46.862,-96.85201326530611
2800 Pearl St,Boulder,CO,80301,40.0225469,-105.2574062
120 W Parker Rd,Plano,TX,75075,33.037434,-96.7077458
1744 Suburban Ave,Saint Paul,MN,55106,44.9498068,-93.0285095
1800 Valley West Dr,West Des Moines,IA,50266,41.5992736,-93.7532327
10801 Westheimer Rd,Houston,TX,77042,29.7354809,-95.5678138
3600 S Louise Ave,Sioux Falls,SD,57106,43.513,-96.7711
300 Homer M Adams Pkwy,Alton,IL,62002,38.920783794151234,-90.17341526854038
105 W Troutman Pkwy,Fort Collins,CO,80525,40.5273149,-105.0784324
4317 Kemp Blvd,Wichita Falls,TX,76308,33.8656387755102,-98.5358
2401 Kossow Rd,Waukesha,WI,53186,43.0342436,-88.1768374
7302 University Ave,Lubbock,TX,79423,33.5282744,-101.8722346
2400 10th St SW,Minot,ND,58701,48.20745857864376,-101.30684142135624
3500 Dodge St,Dubuque,IA,52003,42.4896598,-90.7221005
601 Colonial Rd,Memphis,TN,38117,35.1134475,-89.902666
2424 Highway 6 and 50,Grand Junction,CO,81505,39.0925465,-108.6045188
8601 Research Blvd,Austin,TX,78758,30.3625614,-97.7156827
2300 W Ben White Blvd,Austin,TX,78704,30.232034784281357,-97.79310257700928
13201 Ridgedale Dr,Minnetonka,MN,55305,44.969831,-93.4479545
4000 1st Ave,Evansville,IN,47710,38.015,-87.5741
1037 S Reed Rd,Kokomo,IN,46902,40.4767,-86.1078
301 Veterans Pkwy,Normal,IL,61761,40.50513737373738,-88.9533
2209 State St,New Albany,IN,47150,38.2540146,-85.7172669
2050 Gallatin Rd N,Madison,TN,37115,36.2388,-86.7239
26 White Bridge Rd,Nashville,TN,37205,36.12737591987672,-86.85086387981508
6767 S Clinton St,Englewood,CO,80112,39.5928538,-104.8819043
8040 Ray Mears Blvd,Knoxville,TN,37919,35.923023080537675,-84.04725525441175
5300 Durand Ave,Racine,WI,53406,42.6972720407713,-87.84319118260802
5240 N Academy Blvd,Colorado Springs,CO,80918,38.90695771276596,-104.78185771276596
5850 Eastex Fwy,Beaumont,TX,77708,30.126572413793102,-94.15585862068966
4000 McCain Blvd,North Little Rock,AR,72116,34.79138892789664,-92.22893339184496
401 SE Wyoming Blvd,Casper,WY,82609,42.846796,-106.264082
2206 Memorial Dr,Alexandria,LA,71301,31.27976039079133,-92.454237655252
13700 San Pedro Ave,San Antonio,TX,78232,29.6189599,-98.7414964
5255 E Broadway Blvd,Tucson,AZ,85711,32.2230683,-110.88025
9725 Laurel Canyon Blvd,Pacoima,CA,91331,34.2460353,-118.4190838
2120 W Main St,Alhambra,CA,91801,34.0910858,-118.1471438
499 W Orange Show Rd,San Bernardino,CA,92408,34.0794,-117.29299679144385
5600 Whittier Blvd,Commerce,CA,90022,34.0179456,-118.1503483
5700 Firestone Blvd,South Gate,CA,90280,33.9483113,-118.1673635
12100 Harbor Blvd,Garden Grove,CA,92840,33.9496692,-117.9296772
13831 Brookhurst St,Garden Grove,CA,92843,33.6525779,-117.9526577
2270 N Bellflower Blvd,Long Beach,CA,90815,33.8016206,-118.12596
10820 Jefferson Blvd,Culver City,CA,90230,33.9991084,-118.3939466
1200 N Sepulveda Blvd,Manhattan Beach,CA,90266,34.0858022,-118.4742628
3433 Sepulveda Blvd,Torrance,CA,90505,33.826209,-118.3459226
3245 Sports Arena Blvd,San Diego,CA,92110,32.7522674,-117.2116796
1240 Broadway,Chula Vista,CA,91911,32.6047207,-117.0809408
8001 Othello Ave,San Diego,CA,92111,32.8163031,-117.1523744
3520 Tyler St,Riverside,CA,92503,33.9067387,-117.4597323
4201 W Division St,Saint Cloud,MN,56301,45.5537,-94.21081665413016
333 N 48th St,Lincoln,NE,68504,40.8161987,-96.6549215
3710 Ridgemont Dr,Abilene,TX,79606,32.405363245553204,-99.76608973665961
8225 Flying Cloud Dr,Eden Prairie,MN,55344,44.8559076,-93.4261161
8201 I 40 W,Amarillo,TX,79121,35.1870494949495,-101.94174545454545
17751 Colima Rd,Rowland Heights,CA,91748,33.9915625,-117.918644
2950 S Chase Ave,Milwaukee,WI,53207,42.9917047,-87.9084688
1708 Dell Range Blvd,Cheyenne,WY,82009,41.1643359,-104.8276693
2462 Foothill Blvd,La Verne,CA,91750,34.1097455,-117.7595728
10621 Carmenita Rd,Santa Fe Springs,CA,90670,33.9375879,-118.0481981
6635 Fallbrook Ave,West Hills,CA,91307,34.2245888,-118.6261165
6835 Katella Ave,Cypress,CA,90630,33.8027182,-118.0674946
2191 N Tustin St,Orange,CA,92865,33.8245986,-117.8346809
12602 N Paradise Village Pkwy W,Phoenix,AZ,85032,33.60092319162662,-111.9886
4301 W Wisconsin Ave Ste 42,Appleton,WI,54913,44.2688423,-88.4713453
2400 Bernadette Dr,Columbia,MO,65203,38.96603146739693,-92.37575173917543
6100 Shingle Creek Pkwy,Brooklyn Center,MN,55430,45.0655701,-93.3075186
43525 10th St W,Lancaster,CA,93534,34.6735457,-118.1490886
2907 Cochran St,Simi Valley,CA,93065,34.2807458,-118.7393791
16400 Beach Blvd,Westminster,CA,92683,33.72949494949495,-117.9892
3300 S Bristol St,Santa Ana,CA,92704,33.7037,-117.8856
1135 S Gilbert Rd,Mesa,AZ,85204,33.3943617,-111.7861251
4235 Sunset Dr,San Angelo,TX,76904,31.431458490405436,-100.50051555103991
3333 W Airport Fwy,Irving,TX,75062,32.8366453619105,-96.988009276179
16910 E Quincy Ave,Aurora,CO,80015,39.6361857,-104.7904234
24425 Magic Mountain Pkwy,Valencia,CA,91355,34.4306095,-118.6034336
5555 Philadelphia St,Chino,CA,91710,34.0325356,-117.6830473
26932 La Paz Rd,Aliso Viejo,CA,92656,33.5751,-117.7051
3601 Highway 100 S,St Louis Park,MN,55416,44.9379,-93.3494
1200 S Nellis Blvd,Las Vegas,NV,89104,36.1582193,-115.0608272
4001 S Maryland Pkwy,Las Vegas,NV,89119,36.1165722,-115.1392031
1950 E County Line Rd,Highlands Ranch,CO,80126,39.5653069,-104.9663886
1280 Auto Park Way,Escondido,CA,92029,33.1137549,-117.0997629
13221 Hall Rd,Shelby Township,MI,48315,42.6275,-82.9906
15901 Ford Rd,Dearborn,MI,48126,42.3292851,-83.2249338
14099 Pardee Rd,Taylor,MI,48180,42.20495857864376,-83.25585857864377
35401 Warren Rd,Westland,MI,48185,42.3315753,-83.6495829
32001 John R Rd,Madison Heights,MI,48071,42.6621644,-83.1147217
1330 E 17th St,Santa Ana,CA,92705,33.7597,-117.85131836734693
20801 Ventura Blvd,Woodland Hills,CA,91364,34.1667546,-118.5858749
20200 Bloomfield Ave,Cerritos,CA,90703,33.8470947,-118.0621682
2169 W Redondo Beach Blvd,Gardena,CA,90247,33.8869833,-118.3161074
3333 Arlington Ave,Riverside,CA,92506,33.9477938,-117.3822487
2920 Yorba Linda Blvd,Fullerton,CA,92831,33.889,-117.87687959183674
11051 Victory Blvd,North Hollywood,CA,91606,34.1868553,-118.3720715
14823 Pomerado Rd,Poway,CA,92064,32.9812593,-117.0610108
2380 Sterling Ave,San Bernardino,CA,92404,34.1378025,-117.2451521
4200 E Main St,Ventura,CA,93003,34.2613547,-119.2367205
8840 Corbin Ave,Northridge,CA,91324,34.2306922,-118.5621084
24500 Alicia Pkwy,Mission Viejo,CA,92691,33.6048,-117.6903
10576 Foothill Blvd,Rancho Cucamonga,CA,91730,34.1085657,-117.5739677
1050 Huntington Dr,Duarte,CA,91010,34.1375142,-117.9830698
2255 S El Camino Real,Oceanside,CA,92054,33.0368708,-117.2605231
250 Broadway,El Cajon,CA,92021,32.8097857,-116.9593301
8251 Mira Mesa Blvd,San Diego,CA,92126,32.9112429,-117.1458732
67750 E Palm Canyon Dr,Cathedral City,CA,92234,33.7875208,-116.4802125
223 E Betteravia Rd,Santa Maria,CA,93454,34.9226548,-120.4337476
1818 E Baseline Rd,Tempe,AZ,85283,33.3793813,-111.9077971
5425 S Padre Island Dr Ste 125,Corpus Christi,TX,78411,27.7101940220077,-97.3761352576109
3750 Barranca Pkwy,Irvine,CA,92606,33.6868,-117.8138
2772 Tittabawassee Rd,Saginaw,MI,48604,43.4802,-83.97142727272727
G3515 Miller Rd,Flint,MI,48507,42.9855,-83.748
2887 S Rochester Rd,Rochester Hills,MI,48307,42.6376381,-83.1293247
26650 Ford Rd,Dearborn Heights,MI,48127,42.3292851,-83.2249338
43670 Ford Rd,Canton,MI,48187,42.3183387,-83.6772575
2120 SW Wanamaker Rd,Topeka,KS,66614,39.035653,-95.7680959
8510 Montgomery Blvd NE,Albuquerque,NM,87111,35.1292503,-106.5469727
11120 Lomas Blvd NE,Albuquerque,NM,87112,35.0857824,-106.5278058
29676 Rancho California Rd,Temecula,CA,92591,33.5067419,-117.1459226
2000 Cliff Lake Rd,Eagan,MN,55122,44.7917442,-93.2055549
500 E Edgewood Blvd,Lansing,MI,48911,42.664029062483436,-84.54585799111165
9000 E Talking Stick Way,Scottsdale,AZ,85250,33.5345,-111.8874
2707 Schofield Ave,Schofield,WI,54476,44.907336060661464,-89.59012519308382
4890 Marsh Rd,Okemos,MI,48864,42.7241213208328,-84.41633430986762
131 West Reynolds Rd,Lexington,KY,40503,37.992663,-84.525753
2201 Cobb Pkwy SE,Smyrna,GA,30080,33.895274324324326,-84.48038716216216
3248 Alpine Ave NW,Walker,MI,49544,43.0220532,-85.6876317
4001 N 132nd St,Omaha,NE,68164,41.2943919,-96.11679
3201 S Iowa St,Lawrence,KS,66046,38.92628181818182,-95.2606
718 N Washington St,Papillion,NE,68046,41.1652956,-96.0453861
5225 Elmore Ave,Davenport,IA,52807,41.57389090909091,-90.5284
6839 S Westnedge Ave,Portage,MI,49002,42.1953,-85.563
35700 Van Dyke Ave,Sterling Heights,MI,48312,42.621667,-83.0339847
5700 Beckley Rd,Battle Creek,MI,49015,42.2608,-85.18416506024096
30020 Grand River Ave,Farmington Hills,MI,48336,42.450421265970114,-83.3418244308954
3401 Mall View Rd,Bakersfield,CA,93306,35.3939941,-118.9552058
5609 W Saginaw Hwy,Lansing,MI,48917,42.7409,-84.62577480358064
3300 Dillon Dr,Pueblo,CO,81008,38.304401439940015,-104.6065
3800 Lexington Ave N,Shoreview,MN,55126,45.0565085,-93.1450177
9400 State Road 16,Onalaska,WI,54650,43.8736539,-91.1939712
817 W Alexis Rd,Toledo,OH,43612,41.7203951,-83.5608852
5225 Monroe St,Toledo,OH,43623,41.6995636,-83.6538179
1465 E Mall Dr,Holland,OH,43528,41.614551920529244,-83.69433092218323
9371 Coors Blvd NW,Albuquerque,NM,87114,35.18606,-106.6645284
4300 24th Ave,Fort Gratiot,MI,48059,43.033415555439646,-82.45623490093139
2000 Waters Rd,Ann Arbor,MI,48103,42.2438559,-83.7690773
21637 State Road 7,Boca Raton,FL,33428,26.1369234,-80.2053393
1525 S Power Rd,Mesa,AZ,85206,33.3888464,-111.6831278
1200 Linton Blvd,Delray Beach,FL,33444,26.4418989,-80.1757011
15150 Cedar Ave,Apple Valley,MN,55124,44.7416,-93.2177
444 Monument Rd,Jacksonville,FL,32225,30.3289912,-81.5487183
886 W State Road 436,Altamonte Springs,FL,32714,28.6654,-81.41847172166116
718 Maguire Blvd,Orlando,FL,32803,28.5552555,-81.3454708
880 Sand Lake Rd,Orlando,FL,32809,28.4506509,-81.4785387
900 E Lake Rd,Palm Harbor,FL,34685,28.0637632,-82.7076411
10500 Ulmerton Rd,Largo,FL,33771,27.893443,-82.7861976
15240 N Dale Mabry Hwy,Tampa,FL,33618,28.0886902,-82.5049714
13658 University Plaza St,Tampa,FL,33613,28.084,-82.4508
2100 Paul Bunyan Dr NW,Bemidji,MN,56601,47.4935591,-94.9102103
3301 Highway 10 E,Moorhead,MN,56560,46.8753781,-96.7279952
14546 Dellwood Dr N,Baxter,MN,56425,46.36160611858582,-94.24369388141417
16964 Slover Ave,Fontana,CA,92337,34.0648841,-117.4342559
2505 1st St S,Willmar,MN,56201,45.0979705,-95.0421919
8655 E Point Douglas Rd S,Cottage Grove,MN,55016,44.8152093,-92.930826
1850 Adams St,Mankato,MN,56001,44.17005267658491,-93.95438592886381
4175 Vinewood Ln N,Plymouth,MN,55442,45.0318057,-93.4507842
8401 S Tamiami Trl,Sarasota,FL,34238,27.2285789,-82.4926051
6000 Sawmill Rd,Dublin,OH,43017,40.093787175099315,-83.0917
9041 Southside Blvd,Jacksonville,FL,32256,30.1922531,-81.5510444
3445 Freedom Dr,Springfield,IL,62704,39.74922387571173,-89.70877518635334
3130 S Airport Rd W,Traverse City,MI,49684,44.72551818181818,-85.6361
6820 Eastman Ave,Midland,MI,48642,43.6595862745098,-84.2471
1076 Jackson Xing,Jackson,MI,49202,42.269402276620184,-84.43455663833782
3000 W Deyoung St,Marion,IL,62959,37.7454,-89.021
8148 E Santa Ana Canyon Rd,Anaheim,CA,92808,33.8654644,-117.7471721
605 N Stephanie St,Henderson,NV,89014,36.064611,-115.0477575
9235 Poplar Ave,Germantown,TN,38138,35.0664720077188,-89.75610801157819
1100 Lake Woodlands Dr,The Woodlands,TX,77380,30.1676,-95.4542
39440 10th St W,Palmdale,CA,93551,34.5992754,-118.1462461
4711 Bayou Blvd,Pensacola,FL,32503,30.4683809,-87.2092664
3970 SW Archer Rd,Gainesville,FL,32608,29.6210831,-82.3840895
2380 W International Speedway Blvd,Daytona Beach,FL,32114,29.17970908470949,-81.08040946579992
2750 W New Haven Ave,Melbourne Village,FL,32904,28.0791,-80.66560882352941
1400A Tamiami Trl,Port Charlotte,FL,33948,27.0128,-82.1462
7535 W Broadway Ave,Brooklyn Park,MN,55428,45.09099797500419,-93.3769
7200 Valley Creek Plz,Woodbury,MN,55125,44.9263263,-92.9596959
1701 Galleria Blvd,Franklin,TN,37067,35.9661374,-86.8127504
10555 N Oracle Rd,Oro Valley,AZ,85737,32.3989582,-110.9603987
10451 Indianapolis Blvd,Highland,IN,46322,41.5351,-87.4712
2901 S Cicero Ave,Cicero,IL,60804,41.8715934,-87.7470681
2350 Troy Rd,Edwardsville,IL,62025,38.78900202020202,-89.9512
2721 Dawson Rd,Albany,GA,31707,31.6177,-84.2221
4151 E Highway 90,Sierra Vista,AZ,85635,31.5548,-110.2548
1290 Hamner Ave,Norco,CA,92860,33.9011444,-117.564875
1630 E Cheyenne Mountain Blvd,Colorado Springs,CO,80906,38.793609555769535,-104.80052488878184
250 E Miracle Strip Pkwy,Mary Esther,FL,32569,30.4097,-86.6592
15005 SW 88th St,Miami,FL,33196,25.6859469,-80.4374326
875 Lawrenceville Suwanee Rd Ste 4000,Lawrenceville,GA,30043,33.96937062406291,-84.02023492336201
5950 State Bridge Rd,Duluth,GA,30097,34.0229,-84.1969
1815 Norman Dr,Valdosta,GA,31601,30.8320829,-83.3224154
975 County Road E,Vadnais Heights,MN,55127,45.2237,-93.0539
735 W Stadium Blvd,Jefferson City,MO,65109,38.5793274,-92.2142305
679 E Dundee Rd,Palatine,IL,60074,42.1370814,-88.0270002
6365 I 55 N,Jackson,MS,39213,32.39375918243599,-90.14544013626066
2056 Skibo Rd,Fayetteville,NC,28314,35.05112841044198,-78.97436477217094
2116 N Roan St,Johnson City,TN,37601,36.34346630156874,-82.37641978094123
5151 Frederica St,Owensboro,KY,42301,37.7173975232549,-87.12530323821515
8550 East Fwy,Fort Worth,TX,76120,32.7582558,-97.1697511
3527 W Florida Ave,Hemet,CA,92545,33.7453541,-117.0090351
9531 South Blvd,Charlotte,NC,28273,35.10740498947152,-80.88158418090194
888 W Arrow Hwy,San Dimas,CA,91773,34.1044731,-117.823584
6748 Redwood Rd,West Jordan,UT,84084,40.6282652173913,-111.939
2541 E Lohman Ave Ste A,Las Cruces,NM,88011,32.3176225,-106.7448559
4001 N Midland Dr,Midland,TX,79707,32.023753,-102.1450908
2810 SW Military Dr,San Antonio,TX,78224,29.355612,-98.5426889
2673 E Main St,Plainfield,IN,46168,39.719279794418945,-86.35365051395263
3151 E 7th St,Joplin,MO,64801,37.084147959183674,-94.47380306122449
7003 S Broadway Ave,Tyler,TX,75703,32.273163636363634,-95.30686688311688
18000 Vernier Rd,Harper Woods,MI,48225,42.45,-82.9332
107 Pavilion Pkwy,Fayetteville,GA,30214,33.47969530048899,-84.44126218542652
1631 Ring Rd,Elizabethtown,KY,42701,37.72940154442466,-85.87947519305308
4640 Taylorsville Rd,Louisville,KY,40220,38.2152315,-85.59521
6850 Ridge Rd,Parma,OH,44129,41.3780717,-81.7366592
449 Howe Ave,Cuyahoga Falls,OH,44221,41.1204234,-81.4769318
5584 Dressler Rd NW,North Canton,OH,44720,40.8614781,-81.4309811
6670 Clinton Hwy,Knoxville,TN,37912,36.0069,-84.0197
514 Shallowford Rd NW,Gainesville,GA,30504,34.29134863114899,-83.84603147386147
3150 Bel Air Mall,Mobile,AL,36606,30.673480388386483,-88.12590194193244
6295 W Waters Ave,Tampa,FL,33634,28.0264478,-82.5493457
5350 Fruitville Rd,Sarasota,FL,34232,27.3364878,-82.4623411
2100 Texas Ave S,College Station,TX,77840,30.61229494949495,-96.31539393939394
7501 San Dario Ave,Laredo,TX,78045,27.56991843717197,-99.50233413853125
1002 Dixieland Rd,Harlingen,TX,78552,26.18,-97.721
1111 E Army Post Rd Ste 2204,Des Moines,IA,50315,41.5232785,-93.6016694
3450 4th St SW,Mason City,IA,50401,43.1484,-93.25473333333333
1708 N Central Ave,Marshfield,WI,54449,44.6845,-90.1635
5300 US Highway 10 E,Stevens Point,WI,54482,44.5248904,-89.5232099
1900 S Koeller St,Oshkosh,WI,54902,44.007439411448445,-88.58201936472547
485 N Rolling Meadows Dr,Fond Du Lac,WI,54937,43.7906356,-88.4849694
2017 Humes Rd,Janesville,WI,53545,42.7225322,-88.9987282
6560 E State St,Rockford,IL,61108,42.2695967,-88.9887118
2340 Highway 77,Panama City,FL,32405,30.191604,-85.6488424
187 Brandon Town Center Dr,Brandon,FL,33511,27.9359424,-82.3245614
4271 Tamiami Trl S,Venice,FL,34293,27.2324283,-82.5048931
12801 W Sunrise Blvd,Sunrise,FL,33323,26.1461311,-80.3246652
2650 NW Federal Hwy,Stuart,FL,34994,27.2600125,-80.2823393
6150 14th St W,Bradenton,FL,34207,27.43207272727273,-82.5757
13711 S Tamiami Trl,Fort Myers,FL,33912,26.5449084,-81.8690121
33860 S Gratiot Ave,Clinton Township,MI,48035,42.545981818181815,-82.90511818181818
8600 Springbrook Dr NW,Coon Rapids,MN,55433,45.133298880715465,-93.27269888071547
4404 Highway 29 S,Alexandria,MN,56308,45.93790859106662,-95.313
801 Sunland Park Dr,El Paso,TX,79912,31.81817915322371,-106.54534169355259
1901 George Dieter Dr,El Paso,TX,79936,31.769440384615386,-106.3034
708 E Expressway 83,McAllen,TX,78503,26.187718117092647,-98.21512753162942
8055 W Bell Rd,Peoria,AZ,85382,33.6362594,-112.2281041
3210 N Tenaya Way,Las Vegas,NV,89129,36.2191834,-115.2495784
1401 Frontage Rd,Scottsbluff,NE,69361,41.86711712643081,-103.64113425286162
2725 N Main St,Roswell,NM,88201,33.427158602150534,-104.5231
313 E Townline Rd,Vernon Hills,IL,60061,42.238996,-87.956968
300 S Randall Rd,Elgin,IL,60123,41.8865331,-88.3434474
2621 W Schaumburg Rd,Schaumburg,IL,60194,42.0228678,-88.1459316
175 W Army Trail Rd,Glendale Heights,IL,60139,41.93749925555931,-88.0837918111524
850 W North Ave,Melrose Park,IL,60160,41.9051254,-87.8436314
601 S County Farm Rd,Wheaton,IL,60187,41.85969285714286,-88.1426
115 N Randall Rd,Batavia,IL,60510,41.8522106,-88.3427191
1951 W Jefferson Ave,Naperville,IL,60540,41.7713608,-88.2031704
7100 S Cicero Ave,Chicago,IL,60629,41.7632408,-87.7429957
15850 S 94th Ave,Orland Park,IL,60462,41.6225,-87.8486
9250 Joliet Rd,Hodgkins,IL,60525,41.7809234,-87.859439
2120 Apalachee Pkwy,Tallahassee,FL,32301,30.4330512,-84.2445755
4155 W Lake Mary Blvd,Lake Mary,FL,32746,28.7545931,-81.3485944
1001 13th St S,Virginia,MN,55792,47.5119,-92.5481
3316 7th Ave SE,Aberdeen,SD,57401,45.4581,-98.44257142857143
6001 W Gateway Blvd,El Paso,TX,79925,31.8325,-106.4402
3550 S Rainbow Blvd,Las Vegas,NV,89103,36.1247456,-115.2414346
7409 W Virginia Ave,Phoenix,AZ,85035,33.4757118,-112.2185836
3901 W Ina Rd,Tucson,AZ,85741,32.3360796,-111.0488678
6500 E Grant Rd,Tucson,AZ,85715,32.2487773,-110.8532705
1510 Market Ln,Norfolk,NE,68701,42.0186,-97.43039360474208
4800 3rd Ave,Kearney,NE,68845,40.7220339,-99.0859308
13250 Northwest Fwy,Houston,TX,77040,29.8489996,-95.5023889
2000 9th Ave SE,Watertown,SD,57201,44.889849544313925,-97.08383171607473
525 S Gear Ave,West Burlington,IA,52655,40.8210718,-91.1724448
1300 State Highway 55 NE,Buffalo,MN,55313,45.204259608812286,-93.91520470773256
851 W 78th St,Chanhassen,MN,55317,44.8621,-93.543
N95 W 17707 Shady Ln,Menomonee Falls,WI,53051,43.1594,-88.1215
2553 Sun Valley Dr,Delafield,WI,53018,43.0510035,-88.3774271
6601 Grand Ave,Gurnee,IL,60031,42.3833666,-87.9657554
2333 63rd St,Woodridge,IL,60517,41.7757492,-87.8870808
1188 W Boughton Rd,Bolingbrook,IL,60440,41.703457276182455,-88.12144179054036
5071 Cal Sag Rd,Crestwood,IL,60445,41.658133562426926,-87.74696712485385
2661 E US Highway 30,Merrillville,IN,46410,41.4709,-87.2216
5001 N Big Hollow Rd,Peoria,IL,61615,40.7546,-89.6451
20100 Haggerty Rd,Livonia,MI,48152,42.4168,-83.4327
2000 SW College Rd,Ocala,FL,34471,29.1734225,-82.1567527
2575 Enterprise Rd,Orange City,FL,32763,28.9164722,-81.2931947
2417 N Haskell Ave,Dallas,TX,75204,32.804084,-96.7910142
1101 Ira E Woods Ave,Grapevine,TX,76051,32.9309087,-97.0897491
3251 Hollywood Blvd Ste 300,Hollywood,FL,33021,26.0108,-80.1727068883974
2910 1st Ave S,Fort Dodge,IA,50501,42.5069638,-94.158172
5330 S 56th St,Lincoln,NE,68516,40.7596897,-96.6409922
1235 E Higgins Rd,Schaumburg,IL,60173,42.0375513,-88.0490876
6925 W 38th St,Indianapolis,IN,46254,39.82316539706998,-86.28171730146501
202 Highway 332 W,Lake Jackson,TX,77566,29.0486,-95.46684560027295
777 E Colorado Blvd,Pasadena,CA,91101,34.1458,-118.1429
1851 E Highway 69,Prescott,AZ,86301,34.549707269279715,-112.43689533379553
4510 Garth Rd,Baytown,TX,77521,29.771934,-94.976308
7608 NE Zac Lentz Pkwy,Victoria,TX,77904,28.864091498934485,-97.00285862538718
1071 W Carl Sandburg Dr,Galesburg,IL,61401,40.9749,-90.38973595631086
401 W Irving Park Rd,Wood Dale,IL,60191,42.0244406,-88.2219446
2701 Plainfield Rd,Joliet,IL,60435,41.57563221362861,-88.15594937091613
1615 N State Route 50,Bourbonnais,IL,60914,41.1741044,-87.8539262
495 Haggerty Hwy,Walled Lake,MI,48390,42.2197,-83.44
820 Oviedo Mall Blvd,Oviedo,FL,32765,28.6578266,-81.2368717
4410 S Highway 17 92,Casselberry,FL,32707,28.664,-81.315
2324 Pine Ridge Rd,Naples,FL,34109,26.2092407,-81.771065
5350 W Main St,Kalamazoo,MI,49009,42.2962,-85.6552
2140 S Pokegama Ave PO Box 5124,Grand Rapids,MN,55744,47.2344,-93.507
2939 Market Pl,Salina,KS,67401,38.78484640178327,-97.611
2401 E Kansas Ave,Garden City,KS,67846,37.9793091670866,-100.84232181320996
19955 Katy Fwy,Houston,TX,77094,29.7838423,-95.610946
4734 E Ray Rd,Phoenix,AZ,85044,33.3214506,-111.9811846
3944 Grand Ave,Chino,CA,91710,34.001487,-117.7187671
26762 Portola Pkwy,Foothill Ranch,CA,92610,33.67939958730943,-117.66428243002191
30602 Santa Margarita Pkwy,Rancho Santa Margarita,CA,92688,33.5198,-117.4944
1905 Scenic Hwy N,Snellville,GA,30078,33.873889811239096,-84.01401536073914
1900 Matthews Township Pkwy,Matthews,NC,28105,35.1219,-80.7165592369478
4401 Commercial Way,Spring Hill,FL,34606,28.4955824,-82.5985875
11253 Pines Blvd,Pembroke Pines,FL,33026,26.0093019,-80.2997589
93 Stonebrook Pl,Jackson,TN,38305,35.68913293015116,-88.85734007187334
8043 Challis Rd,Brighton,MI,48116,42.5439,-83.79300344827585
23555 Allen Rd,Woodhaven,MI,48183,42.136808654017884,-83.22577231503058
4097 E Blue Grass Rd,Mount Pleasant,MI,48858,43.5756,-84.76678571428572
900 42nd Avenue Dr,Moline,IL,61265,41.46945502837329,-90.52522485813358
2209 Howard St,Evanston,IL,60202,42.0186636,-87.8062737
6150 W Touhy Ave,Niles,IL,60714,42.0130799,-87.7799392
4370 Venture Dr,Peru,IL,61354,41.363,-89.1295504155131
125 Lincoln Ave SE,Saint Cloud,MN,56304,45.5590741,-94.140575
2021 Market Dr,Stillwater,MN,55082,45.0368,-92.83978621282176
1650 S Milton Rd,Flagstaff,AZ,86001,35.1844,-111.6615
15444 N Frank Lloyd Wright Blvd,Scottsdale,AZ,85260,33.627118,-111.8888456
19201 Bear Valley Rd,Apple Valley,CA,92308,34.4685253,-117.2451789
72549 Highway 111,Palm Desert,CA,92260,33.7239612,-116.4031747
2656 N Elston Ave,Chicago,IL,60647,41.9285868,-87.6849834
2102 N Prospect Ave,Champaign,IL,61822,40.14242,-88.2579
51400 Gratiot Ave,Chesterfield,MI,48051,42.676862221778336,-82.83128628571303
1529 E 17th Ave,Hutchinson,KS,67501,38.0722,-97.90260769230768
9440 Marsh Ln,Dallas,TX,75220,32.8623862,-96.8542892
4515 E Thomas Rd,Phoenix,AZ,85018,33.4775272,-111.984743
4900 E Main St,Farmington,NM,87402,36.7687094,-108.1479037
4200 S Medford Dr,Lufkin,TX,75901,31.313236283473,-94.71962360511303
4323 San Felipe St,Houston,TX,77027,29.7452173,-95.4531179
50 E North Ave,Villa Park,IL,60181,41.9076077,-87.9006684
160 American Ave,Bowling Green,KY,42104,36.95044020599234,-86.43769370979392
2823 Wilma Rudolph Blvd,Clarksville,TN,37040,36.5452068,-87.336812
2021 Walnut St,Cary,NC,27518,35.7581505,-78.7394045
731 Sutters Creek Blvd,Rocky Mount,NC,27804,35.97105221457383,-77.81147517980091
1150 Seaboard St,Myrtle Beach,SC,29577,33.7128867,-78.8932664
1204 Sunburst Dr,Goldsboro,NC,27534,35.3801932,-77.9391207
9801 Sam Furr Rd,Huntersville,NC,28078,35.4431719,-80.8614028
490 Marsh Landing Pkwy,Jacksonville Beach,FL,32250,30.2538812,-81.3898114
7795 SW 40th St,Miami,FL,33155,25.7357674,-80.3210947
100 Cherokee Pl,Cartersville,GA,30121,34.1727,-84.7828
6000 N Point Pkwy,Alpharetta,GA,30022,34.0460193,-84.2862826
740 Ernest W Barrett Pkwy NW,Kennesaw,GA,30144,33.9421,-84.6263
3200 Holcomb Bridge Rd,Peachtree Corners,GA,30092,34.0351078,-84.3438925
1015 N Court St,Medina,OH,44256,41.1554601,-81.8648208
18200 Royalton Rd,Strongsville,OH,44136,41.3172264,-81.8280416
2801 W Market St,Fairlawn,OH,44333,41.128002,-81.6053094
4200 Kent Rd,Stow,OH,44224,41.1561814,-81.4099542
270 Airport Pkwy,Heath,OH,43056,40.02955172413793,-82.45217586206896
1300 River Valley Blvd,Lancaster,OH,43130,39.73121665683383,-82.62051665683383
202 Siemers Dr,Cape Girardeau,MO,63701,37.296676059008014,-89.57959321629554
6955 Highway 6 N,Houston,TX,77084,29.9144,-95.6208
5500 Grossmont Ctr Dr Ste 1,La Mesa,CA,91942,32.7793511,-117.0126889
1575 Niagara Falls Blvd,Amherst,NY,14228,42.9991834,-78.8170269
8290 Transit Rd,Williamsville,NY,14221,42.9949436,-78.6990827
7414 Niagara Falls Blvd,Niagara Falls,NY,14304,43.0891239,-78.9782241
2626 Delaware Ave,Buffalo,NY,14216,42.9554779,-78.874079
1750 Walden Ave,Cheektowaga,NY,14225,42.9114068,-78.772168
3410 Dr Martin Luther King Jr Blvd,New Bern,NC,28562,35.2755,-77.5649
3040 S Evans St,Greenville,NC,27834,35.57955579160756,-77.38133206864791
4450 Park St N,Saint Petersburg,FL,33709,27.8125903,-82.7561328
60 Yorktown Shopping Ctr,Lombard,IL,60148,41.8736,-88.0207
209 W Ventura Blvd,Camarillo,CA,93010,34.21738,-119.0727348
2831 E Eastland Ctr Dr,West Covina,CA,91791,34.0733663,-117.8872633
1010 N El Camino Real,Encinitas,CA,92024,33.2317148,-117.3331575
7989 US Highway 64,Memphis,TN,38133,35.2032011,-89.834839
1825 E Primrose St,Springfield,MO,65804,37.1500388,-93.2622737
7845 N Macarthur Blvd,Irving,TX,75063,32.9135068,-96.9616544
3100 Baldwin Park Blvd,Baldwin Park,CA,91706,34.0697721,-117.9771808
3550 Zafarano Dr,Santa Fe,NM,87507,35.6422,-106.0127
6241 Mid Rivers Mall Dr,Saint Peters,MO,63304,38.7379,-90.6333
555 S Rand Rd,Lake Zurich,IL,60047,42.1868547,-88.1042578
900 E Kemper Rd,Springdale,OH,45246,39.28759567066415,-84.4629632006453
14075 Biscayne Blvd,North Miami Beach,FL,33181,25.8037587,-80.1902278
8350 S Dixie Hwy,Miami,FL,33143,25.6929197,-80.305686
1751 University Dr,Vista,CA,92083,33.1692624,-117.2148625
5800 20th St,Vero Beach,FL,32966,27.6396242,-80.4481324
3625 W Gandy Blvd,Tampa,FL,33611,27.8946883,-82.5050942
5455 Clyde Park Ave SW,Wyoming,MI,49509,42.86511262840473,-85.68407265015686
250 Crockett Blvd,Merritt Island,FL,32953,28.3858167,-80.705449
5622 Amanda Ln,Orchard Park,NY,14127,42.7924602,-78.7830631
1717 Olentangy River Rd,Columbus,OH,43212,39.993246,-83.0270126
3171 Lebanon Pike,Nashville,TN,37214,36.185308156192455,-86.63591733547523
201 Junction Rd,Madison,WI,53717,43.0622026,-89.5249878
5300 S Mo Pac Expy,Austin,TX,78749,30.2324,-97.8271
1600 E 151st Street,Carmel,IN,46032,40.0083681,-86.1288827
850 Steger Towne Rd,Rockwall,TX,75032,32.89338798470662,-96.46962318300874
121 Louis Henna Blvd,Round Rock,TX,78664,30.4794763,-97.6694399
301 Park Dr,Owatonna,MN,55060,44.08740612244898,-93.2488
4301 Lien Rd,Madison,WI,53704,43.1193972,-89.3066593
3050 N Lewis Ave,Waukegan,IL,60087,42.4076901,-87.8564368
4101 Towne Center Dr,Louisville,KY,40241,38.2973194,-85.5577055
4199 Morse Xing,Columbus,OH,43219,40.056586,-82.9209416
1129 S Park St,Carrollton,GA,30117,33.5624,-85.0734
21265 Biscayne Blvd,Aventura,FL,33180,25.9722844,-80.1404715
20500 SW 112th Ave,Miami,FL,33189,25.5762998,-80.3749952
5420 University Pkwy,Winston Salem,NC,27105,36.16946707123593,-80.27703341424719
1212 Bridford Pkwy,Greensboro,NC,27407,36.05896934611702,-79.90343893373924
1050 Mall Loop Rd,High Point,NC,27262,35.993624768113335,-80.00694184880797
4841 Grove Barton Rd,Raleigh,NC,27613,35.8691932,-78.7186636
8120 University City Blvd,Charlotte,NC,28213,35.3161254,-80.6837149
1040 Hanes Mall Blvd,Winston Salem,NC,27103,36.0667418395732,-80.31725459893299
7860 Rea Rd,Charlotte,NC,28277,35.0589218,-80.8161282
235 Robert C Daniel Jr Pkwy,Augusta,GA,30909,33.47629591836735,-82.0706
9841 Waterstone Blvd,Cincinnati,OH,45249,39.2929,-84.3055294785517
8680 Beechmont Ave,Cincinnati,OH,45255,39.0723,-84.3204
1940 Pavillon Way,Lexington,KY,40509,37.9973,-84.3779
1650 New Brighton Blvd,Minneapolis,MN,55413,45.0048222,-93.2293117
860 Mankato Ave,Winona,MN,55987,44.035086486486485,-91.6218
2705 Teller Rd,Thousand Oaks,CA,91320,34.1908565,-118.9347064
2341 N Highway 67,Florissant,MO,63033,38.80354431654576,-90.30985308513564
25 Brentwood Promenade Ct,Brentwood,MO,63144,38.6285,-90.3416
2700 Timber Dr,Garner,NC,27529,35.7153277,-78.638482
3040 Shallowford Rd,Marietta,GA,30062,34.0283573,-84.3984311
4711 New Centre Dr,Wilmington,NC,28405,34.2489297,-77.8808103
5900 Lake Worth Rd,Greenacres,FL,33463,26.6192,-80.1392
36195 Euclid Ave,Willoughby,OH,44094,41.6288103,-81.429329
1441 Coral Ridge Ave,Coralville,IA,52241,41.6910687,-91.5990971
12700 Chenal Pkwy,Little Rock,AR,72211,34.75404698713131,-92.41424676066711
503 I 45 N,Conroe,TX,77304,30.3081,-95.4693
554 W Interstate 20,Grand Prairie,TX,75052,32.6668,-96.91722932963522
4225 Crestview Dr,Rio Rancho,NM,87124,35.25155058597041,-106.65238421344327
2305 Theatre Dr,Paso Robles,CA,93446,35.5838612,-120.6986107
21515 Tomball Pkwy,Houston,TX,77070,29.977418,-95.5683171
239 Golf Mill Ctr,Niles,IL,60714,42.0501973,-87.8373685
1851 Old Fort Pkwy,Murfreesboro,TN,37129,35.843474,-86.4259524
960 Fairplain Dr,Benton Harbor,MI,49022,42.07924898503563,-86.43333673877672
2490 N Fairfield Rd,Beavercreek,OH,45431,39.7619635,-84.0512022
5700 Executive Blvd,Huber Heights,OH,45424,39.8707934,-84.1333927
8151 Dr Martin Luther King St N,Saint Petersburg,FL,33702,27.3597,-82.5115
2911 Jamacha Rd,El Cajon,CA,92019,32.7386841,-116.9389483
2727 W Agua Fria Fwy,Phoenix,AZ,85027,33.6689,-112.11777777777777
3300 124th Ave NW,Coon Rapids,MN,55433,45.1962,-93.3521
2325 Marketplace Dr,Rochester,NY,14623,43.0779575,-77.6324501
153 Sierra Dr,Altoona,PA,16601,40.377866843039925,-78.71767573254718
3200 N Federal Hwy,Fort Lauderdale,FL,33306,26.1706527,-80.1177919
4125 Austell Rd,Austell,GA,30106,33.85639042535156,-84.60161848415528
2535 Dallas Hwy SW,Marietta,GA,30064,33.9461,-84.6241
5580 Northwest Hwy,Crystal Lake,IL,60014,42.2262,-88.3092590909091
2241 Willow Rd,Glenview,IL,60025,42.1020984,-87.8139357
2099 Skokie Valley Rd,Highland Park,IL,60035,42.2156593,-87.8438498
7255 Interstate Dr,Horn Lake,MS,38637,34.964640434929066,-90.00411896023317
320 S Duff Ave,Ames,IA,50010,42.0192992,-93.6101587
9725 S Eastern Ave,Las Vegas,NV,89183,36.0124049,-115.1218667
2950 Chapel Hill Rd,Douglasville,GA,30135,33.724915384615386,-84.73512307692307
2300 College Way,Fergus Falls,MN,56537,46.2903264,-96.1163818
1700 E Rand Rd,Arlington Heights,IL,60004,42.1021259,-87.9619204
8420 N Madison Ave,Kansas City,MO,64155,39.246637821217185,-94.59358920814154
1725 Rocky Mountain Ave,Loveland,CO,80538,40.4093651,-105.0040446
1591 Bradley Park Dr,Columbus,GA,31904,32.53220517241379,-84.96954310344827
2701 Lawndale Dr,Greensboro,NC,27408,36.10753288385329,-79.81949986515598
1910 Catawba Valley Blvd SE,Hickory,NC,28602,35.7002628,-81.3086426
1112 Woodruff Rd,Greenville,SC,29607,34.82778166666667,-82.3008725
2199 Hwy 36 E,North Saint Paul,MN,55109,45.0136479,-93.0096636
600 Greece Ridge Center Dr,Rochester,NY,14626,43.202754,-77.6921999
3535 Peachtree Rd NE,Atlanta,GA,30326,33.8518309,-84.3595007
3519 Clemson Blvd,Anderson,SC,29621,34.5504,-82.6758
134 Harbison Blvd,Columbia,SC,29212,34.067204375,-81.16799125
1100 Hansel Dr,Florence,KY,41042,39.0188,-84.6349
17810 E 39th St S,Independence,MO,64055,39.0507238,-94.3694037
8234 Agora Pkwy,Selma,TX,78154,29.570816516770407,-98.32616466971685
3205 Woodward Crossing Blvd Ste B,Buford,GA,30519,34.0626,-83.9725
8750 W Charleston Blvd,Las Vegas,NV,89117,36.1610839,-115.2870326
1515 E Warner Rd,Gilbert,AZ,85296,33.3340962,-111.7570437
1370 Highway 15 S,Hutchinson,MN,55350,44.8778,-94.393
2323 Highway 3 S,Northfield,MN,55057,44.4508,-93.1686
1250 N Port Washington Rd,Grafton,WI,53024,43.32204199393028,-87.9253
13460 S Archer Ave,Lemont,IL,60439,41.7650131,-87.8261138
10202 E Washington St,Indianapolis,IN,46229,39.775276376627815,-85.98627631279865
240 Market Dr,Elyria,OH,44035,41.0321,-82.0094
335 Washington Rd,Washington,PA,15301,40.1917,-80.2124
600 Chauvet Dr,Pittsburgh,PA,15275,40.4463262,-80.1836152
9805 McKnight Rd,Pittsburgh,PA,15237,40.5861232,-80.0422814
4004 Monroeville Blvd,Monroeville,PA,15146,40.4340997,-79.7726772
6206 State Rte 30,Greensburg,PA,15601,40.315,-79.5348
555 Bullsboro Dr,Newnan,GA,30265,33.39529012864631,-84.76127252911188
1395D Western Blvd,Jacksonville,NC,28546,34.7449,-77.3791
907 W McDermott Dr,Allen,TX,75013,33.0998481,-96.6815782
2401 Coulee Rd,Hudson,WI,54016,44.96439093523171,-92.72381812953658
1485 Polaris Pkwy,Columbus,OH,43240,40.1382048,-82.9789642
13200 Jamboree Rd,Irvine,CA,92602,33.7305,-117.7871
2300 Highway K,O Fallon,MO,63368,38.7774,-90.6999
1515 N Litchfield Rd,Goodyear,AZ,85395,33.4632984,-112.3556624
356 12th St SW,Forest Lake,MN,55025,45.2746578,-93.000182
875 General Sieben Dr,Hastings,MN,55033,44.737342857142856,-92.8898
410 S Ashland Ave,Sturgeon Bay,WI,54235,44.8237,-87.406
1001 Cormier Rd,Green Bay,WI,54304,44.4918,-88.0717
1800 S Kensington Dr,Appleton,WI,54915,44.2462894,-88.3572337
800 Watkins Rd,Maryville,TN,37801,35.752336,-83.9912132
650 Brown Rd,Auburn Hills,MI,48326,42.7083,-83.2625
2300 Miamisburg Centerville Rd,Dayton,OH,45459,39.6326828,-84.2135688
360 Waterfront Dr E,Homestead,PA,15120,40.4137,-79.8983
1717 Route 228,Cranberry Twp,PA,16066,40.6856,-80.09037851351351
30 Rhl Blvd,South Charleston,WV,25309,38.3275,-81.7146
1717 Lebanon Church Rd,West Mifflin,PA,15236,40.348158,-79.9539024
1685 17th Ave E,Shakopee,MN,55379,44.7763198,-93.5014206
1749 E Nine Mile Rd,Pensacola,FL,32514,30.5305578,-87.2242216
1698 US Highway 98,Daphne,AL,36526,30.6025344,-87.8963814
3849 Vogel Rd,Arnold,MO,63010,38.415495544945216,-90.39240445505479
1042 S Kirkwood Rd,Kirkwood,MO,63122,38.5653401,-90.4041485
3881 Mexico Rd,Saint Charles,MO,63303,38.7912,-90.56514230769231
41040 California Oaks Rd,Murrieta,CA,92562,33.5675439,-117.2075383
3749 Carpenter Rd,Ypsilanti,MI,48197,42.2357678,-83.6767201
2420 Laporte Ave,Valparaiso,IN,46383,41.468,-87.03133911735438
6700 Peach St,Erie,PA,16509,42.05840424105325,-80.09170565473767
315 Colonnade Blvd,State College,PA,16803,40.8132089,-77.9068412
3030 Harbor Blvd Ste A,Costa Mesa,CA,92626,33.682,-117.9195
1440 US Hwy 1 S,Saint Augustine,FL,32084,29.877059595959597,-81.3244
1050 Fording Island Rd,Bluffton,SC,29910,32.255578,-80.8515313
3570 Harden Blvd,Lakeland,FL,33803,27.999696,-81.9735934
10490 San Jose Blvd,Jacksonville,FL,32257,30.1886464,-81.6295928
5555 Youngstown Warren Rd,Niles,OH,44446,41.2102,-80.7501
1816 Gunbarrel Rd,Chattanooga,TN,37421,35.0245011,-85.1556282
215 Balsam St N,Cambridge,MN,55008,45.5742,-93.1985
11525 South St,Cerritos,CA,90703,33.8594118,-118.0872742
3535 S La Cienega Blvd,Los Angeles,CA,90016,34.0231,-118.3722
5711 Sepulveda Blvd,Van Nuys,CA,91411,34.174367,-118.4664417
14920 Raymer St,Van Nuys,CA,91405,34.2130166,-118.4585895
2545 Whiskey Rd,Aiken,SC,29803,33.5042798,-81.7112673
4798 S Moorland Rd,New Berlin,WI,53151,42.9585174,-88.1074735
1301 Coolidge Hwy,Troy,MI,48084,42.54363406738955,-83.186
197 Gravois Bluffs Plaza Dr,Fenton,MO,63026,38.50229799435971,-90.4469
1225 W Irvington Rd,Tucson,AZ,85714,32.160619,-110.9904611
9666 Olde US 20,Rossford,OH,43460,41.6012,-83.565
10204 Two Notch Rd,Columbia,SC,29229,34.12125829101659,-80.87644692260633
372 Cox Creek Pkwy,Florence,AL,35630,34.83962266721854,-87.63574533443708
3885 E Main St,St Charles,IL,60174,41.9213,-88.2732875
1285 Som Center Rd,Mayfield Heights,OH,44124,41.5245469,-81.4349235
35830 Detroit Rd,Avon,OH,44011,41.3980696,-82.2245171
5010 Founders Pkwy,Castle Rock,CO,80108,39.4078649,-104.8561542
32351 N Scottsdale Rd,Scottsdale,AZ,85266,33.4346946,-111.9294682
12300 Seal Beach Blvd,Seal Beach,CA,90740,33.78384343434343,-118.0719
3471 W Century Blvd,Inglewood,CA,90301,33.9455834,-118.3985087
3121 E Colorado Blvd,Pasadena,CA,91107,34.1464,-118.086593220339
3250 US Hwy 41 W,Marquette,MI,49855,46.511265075040285,-87.37410890391926
13731 W Bell Rd,Surprise,AZ,85374,33.6372813,-112.3537718
8500 Main St,Houston,TX,77025,29.6924545,-95.4186401
1200 S Federal Hwy,Deerfield Beach,FL,33441,26.1075164,-80.1367623
1600 W Arbrook Blvd,Arlington,TX,76015,32.6848,-97.1357
10600 Firestone Blvd,Norwalk,CA,90650,33.9256273,-118.1070892
7000 Mannheim Rd,Rosemont,IL,60018,42.0095367544468,-87.88598973665961
6275 University Dr NW,Huntsville,AL,35806,34.743354,-86.6837493
7110 Youree Dr,Shreveport,LA,71105,32.44179705882353,-93.71751838235294
8199 Warren H Abernathy Pkwy,Spartanburg,SC,29301,34.9372,-82.0215
11750 Commercial Dr,Fishers,IN,46038,39.9593468,-86.0100004
3827 Marketplace Dr NW,Rochester,MN,55901,44.0698,-92.5066
111 Pioneer Trl,Chaska,MN,55318,44.8288473,-93.5175298
40 THF Blvd,Chesterfield,MO,63005,38.666339,-90.5856859
18255 Blanco Rd,San Antonio,TX,78258,29.6121648,-98.5102416
4848 County Road 101,Minnetonka,MN,55345,44.9167179,-93.5052787
275 S River Rd,Saint George,UT,84790,37.1033181,-113.5540173
6000 Highway 6,Missouri City,TX,77459,29.7673888,-95.6531555
21001 N Tatum Blvd Ste 20,Phoenix,AZ,85050,33.5973924,-111.9912656
9350 W Northern Ave,Glendale,AZ,85305,33.5539535,-112.2602324
1800 W Empire Ave,Burbank,CA,91504,34.1896348,-118.3305591
895 S State Rd 135,Greenwood,IN,46143,39.59666551724138,-86.1591
10401 N Michigan Rd,Carmel,IN,46032,39.9364057,-86.2325854
2750 Carl T Jones Dr SE Ste 7,Huntsville,AL,35802,34.6749211,-86.5462121
1401 W Glade Rd,Euless,TX,76039,32.8811,-97.0931
6885 Siegen Ln,Baton Rouge,LA,70809,30.3847132,-91.0610849
11100 Parkside Dr,Knoxville,TN,37934,35.9001,-84.1581
1900 Springsteen Rd,Rock Hill,SC,29730,34.9387578,-80.9788446
1001 E 120th Ave,Thornton,CO,80233,39.9139,-104.97187375
900 Nicollet Mall,Minneapolis,MN,55403,44.9747483,-93.27502
790 Schillinger Rd S,Mobile,AL,36695,30.674905479452054,-88.2257
255 Marina Bay Dr,Clear Lake Shores,TX,77565,29.540584240890684,-95.02292972736406
4685 Presidential Pkwy,Macon,GA,31206,32.8172607,-83.7153343
2929 Watson Blvd,Warner Robins,GA,31093,32.6167969,-83.6857527
2205 Walker Lake Rd,Mansfield,OH,44903,40.7894,-82.6005
1201 County Rd 581,Wesley Chapel,FL,33544,28.254,-82.3662
1893 W Malvern Ave,Fullerton,CA,92833,33.8749,-117.9353
9100 Rosedale Hwy,Bakersfield,CA,93312,35.3852589,-119.1030552
1400 W Lake Cook Rd,Wheeling,IL,60090,42.1545924,-88.1002727
2151 N Power Rd,Mesa,AZ,85215,33.4535824,-111.6838255
4375 N Chouteau Trfy,Kansas City,MO,64117,39.1412361,-94.5300589
4241 Lavista Rd,Tucker,GA,30084,33.846461286664244,-84.24523023221789
2070 Sam Rittenberg Blvd,Charleston,SC,29407,32.7941162,-80.0290516
1850 NW Chipman Rd,Lees Summit,MO,64081,38.9313088,-94.409456
100 Rivers Edge,Milford,OH,45150,39.1622,-84.2715
1525 Market Place Blvd,Cumming,GA,30041,34.18019214285714,-84.13367714285715
725 Hebron Pkwy,Lewisville,TX,75057,33.0216143,-96.9177331
5757 Fairmont Pkwy,Pasadena,TX,77505,29.6519837,-95.1528965
13924 N Pennsylvania Ave,Oklahoma City,OK,73134,35.6125465,-97.5475369
1200 E 2nd St,Edmond,OK,73034,35.6502853,-97.46422
1720 W Prien Lake Rd,Lake Charles,LA,70601,30.1975,-93.2481208
5220 Jimmy Lee Smith Pkwy,Hiram,GA,30141,33.8904,-84.7513
3020 Route 34,Oswego,IL,60543,41.6975,-88.31981512171394
12800 S State Route 59,Plainfield,IL,60585,41.64999437994914,-88.20366253899108
2626 Colorado Blvd,Los Angeles,CA,90041,34.14192,-118.22342
141 Lakewood Center Mall,Lakewood,CA,90712,33.85030201342282,-118.1405
1288 Camino Del Rio N,San Diego,CA,92108,32.7680945,-117.149693
3600 Rosemead Blvd,Rosemead,CA,91770,33.9619116,-118.110178
1400 S Havana St,Aurora,CO,80012,39.6912654,-104.862939
200 Butler Commons,Butler,PA,16001,40.8749989,-79.9414156
200 W Orangethorpe Ave,Fullerton,CA,92832,33.85920617547878,-117.92650640952758
9052 Central Ave,Montclair,CA,91763,34.089544897959186,-117.6898
12051 Imperial Hwy,Norwalk,CA,90650,33.918142,-118.0756353
8800 Whittier Blvd,Pico Rivera,CA,90660,34.0008933,-118.0865127
1230 S Longmore Ave,Mesa,AZ,85202,33.324385544365065,-111.8685
601 S Plano Rd,Richardson,TX,75081,32.9397553,-96.6972024
16825 E Shea Blvd,Fountain Hills,AZ,85268,33.5739241,-111.71821
984 Gessner Rd,Houston,TX,77024,29.7830066,-95.5418337
8509 State Line Rd,Kansas City,MO,64114,38.9835171,-94.6097847
2939 W Addison St,Chicago,IL,60618,41.9452646,-87.7012899
3699 E Broadway Blvd,Tucson,AZ,85716,32.2230925,-110.915111
155 University Dr E,Granger,IN,46530,41.720307232411734,-86.17896383794132
3938 Midway Rd,Goshen,IN,46526,41.6233,-85.9068
4825A Marburg Ave,Cincinnati,OH,45209,39.1447,-84.4219
749 Apollo Dr,Lino Lakes,MN,55014,45.1822,-93.1156
4500 Veterans Memorial Blvd,Metairie,LA,70006,30.0032686,-90.1846101
1727 Martin Luther King Jr Blvd,Houma,LA,70360,29.61234412349066,-90.75532206174533
1731 Manhattan Blvd,Harvey,LA,70058,29.889665567466714,-90.05716042827477
2791 David H Mcleod Blvd,Florence,SC,29501,34.18949275539771,-79.83352372155174
3065 Atlanta Hwy,Athens,GA,30606,33.942207537206265,-83.44408241318537
2430 Santa Barbara Blvd,Cape Coral,FL,33914,26.6064064,-81.9772477
9220 NE Barry Rd,Kansas City,MO,64157,39.2448,-94.4618
21615 S Diamond Lake Rd,Rogers,MN,55374,45.1994,-93.55653448518375
20777 Hwy 59 N,Humble,TX,77338,30.0189127,-95.2680088
19511 I H 45,Spring,TX,77388,30.0316999,-95.4308071
3045 Silverlake Village St,Pearland,TX,77584,29.553462769773876,-95.3855950083153
17605 S Halsted St,Homewood,IL,60430,41.570138709677416,-87.6363
1850 Jonesboro Rd,Mcdonough,GA,30253,33.46439601827958,-84.21658407311834
6480 Sky Pointe Dr,Las Vegas,NV,89131,36.290844,-115.2779711
417 Boardman Poland Rd,Boardman,OH,44512,41.0209759,-80.6457861
27100 Wixom Rd,Novi,MI,48374,42.49169401263698,-83.53567611839041
8200 26 Mile Rd,Shelby Township,MI,48316,42.71362624671916,-83.03469632545932
4601 Montgomery Hwy Ste 300,Dothan,AL,36303,31.267562377525774,-85.44466237752577
4103 Pecanland Mall Dr,Monroe,LA,71203,32.4971,-92.0643
3545 N Shiloh Dr,Fayetteville,AR,72703,36.11511926875805,-94.15374219372585
14200 E Ellsworth Ave,Aurora,CO,80012,39.7158157,-104.8217666
4313 Ambassador Caffery Pkwy,Lafayette,LA,70508,30.161893617021274,-92.05492978723404
2070 Thundering Herd Rd,Barboursville,WV,25504,38.4216,-82.2865
3600 Mall Rd,Louisville,KY,40218,38.1983483,-85.6712151
8201 Federated West Roadway,Plantation,FL,33324,26.117,-80.2575
6625 E Lloyd Expy,Evansville,IN,47715,37.97670820754717,-87.47316433962264
3456 W Shore Dr,Holland,MI,49424,42.8314216,-86.0921422
2050 Lime Kiln Rd,Green Bay,WI,54311,44.46303899457231,-87.98292183728479
18275 Kenrick Ave,Lakeville,MN,55044,44.6843293,-93.2914164
9846 Mission Gorge Rd,Santee,CA,92071,32.8421311,-116.9825635
2400 N Druid Hills Rd NE,Atlanta,GA,30329,33.8269,-84.3261
6100 Broadmoor St,Mission,KS,66202,39.0186,-94.6657
8560 S Cottage Grove Ave,Chicago,IL,60619,41.7393198,-87.6067611
5301 N Garland Ave,Garland,TX,75040,32.9850892,-96.6400639
7400 N 10th St,Mcallen,TX,78504,26.267380658436213,-98.2191061728395
450 Azalea Square Blvd,Summerville,SC,29483,33.0392,-80.1619
1490 County Rd 220,Orange Park,FL,32003,30.0901609,-81.8587222
61121 Airport Rd,Slidell,LA,70460,30.3183,-89.8258
2640 Enterprise Dr,Opelika,AL,36801,32.6229,-85.4096
14500 W Colfax Ave Unit B1,Lakewood,CO,80401,39.7318766,-105.1586899
3810 Bloomington St,Colorado Springs,CO,80922,38.88567777777777,-104.717
12000 Retail Dr,Wake Forest,NC,27587,35.9741823,-78.5418515
594 River Hwy,Mooresville,NC,28117,35.5985024,-80.8714463
3909 E 42nd St,Odessa,TX,79762,31.8920885,-102.3475408
4250 Rusty Rd,Saint Louis,MO,63128,38.5132,-90.3399
1004 Andrews Run,Hendersonville,TN,37075,36.3328,-86.6268
16901 Miramar Pkwy,Miramar,FL,33027,25.9796836,-80.3724147
7311 Jefferson Blvd,Louisville,KY,40219,38.1460847,-85.6730949
8532 Davis Blvd,North Richland Hills,TX,76182,32.9082661,-97.1880754
4255 Hampton Ave,Saint Louis,MO,63109,38.592419217648015,-90.2947
5959 Long Prairie Rd,Flower Mound,TX,75028,32.9822732,-97.0670756
4750 Millenia Plaza Way,Orlando,FL,32839,28.4929633,-81.4301522
2660 East Hwy 50,Clermont,FL,34711,28.5305,-81.7533
151 Tyler Rd N,Red Wing,MN,55066,44.5734223,-92.5888824
4522 Fredricksburg Rd,Balcones Heights,TX,78201,29.4684,-98.5288
4155 S Grand Canyon Dr,Las Vegas,NV,89147,36.1141615,-115.3111027
715 Blue River Pkwy,Silverthorne,CO,80498,39.63724201640911,-106.07628550410229
1300 Long Grove Dr,Mount Pleasant,SC,29464,32.8236,-79.8204
3601 N Barr St,Muncie,IN,47303,40.22201507537689,-85.3794
5401 Bosque Blvd,Waco,TX,76710,31.5341,-97.1909
7644 Voice of America Center Dr,West Chester,OH,45069,39.3583,-84.3625
6128 Broadway St,Galveston,TX,77551,29.2882,-94.83888260869566
1801 Highway 287 N,Mansfield,TX,76063,32.59861617389981,-97.14614411593321
3808 Twin Creek Dr,Bellevue,NE,68123,41.1411,-95.97020784658847
1106 E North Ave,Belton,MO,64012,38.8141,-94.52243117912795
3400 Green Mountcrossing Dr,Shiloh,IL,62269,38.6,-89.9155
5621 N I H 35,Austin,TX,78723,30.3043,-97.6857
20255 W 154th St,Olathe,KS,66062,38.8484414,-94.8200282
9040 Colerain Ave,Cincinnati,OH,45251,39.23652350061834,-84.59203399365505
3660 Marketplace Blvd,East Point,GA,30344,33.6599063,-84.4981596
800 New Los Angeles Ave,Moorpark,CA,93021,34.2786005,-118.867387
2615 Tuscanny St,Corona,CA,92881,33.8268755,-117.5163643
200 N Market Place Dr,Centerville,UT,84014,40.92,-111.888
7025 S Park Centre Dr,Salt Lake City,UT,84121,40.6229384,-111.8500539
10130 S State St,Sandy,UT,84070,40.5669125,-111.8908
1135 W Riverdale Rd,Riverdale,UT,84405,41.17515811095698,-112.00901170411471
175 W Center St,Orem,UT,84057,40.2954193,-111.6991688
815 W 2000 N,Layton,UT,84041,41.1428964,-112.0967958
15345 W 119th St,Olathe,KS,66062,38.9103995,-94.764429
12200 Blue Valley Pkwy,Overland Park,KS,66213,38.9079462,-94.6745914
15700 Shawnee Mission Pkwy,Shawnee,KS,66217,39.0106176,-94.7679895
325 N Alafaya Trl,Orlando,FL,32828,28.5524865,-81.2040188
1135 Woodstock Rd,Roswell,GA,30075,34.0640341,-84.3976652
3630 South Street,Lafayette,IN,47905,40.4865,-86.7605
3201 Preston Rd,Frisco,TX,75034,33.1047743,-96.8115929
2200 Dallas Pkwy,Plano,TX,75093,33.0303632,-96.8270552
8000 Denton Hwy,Watauga,TX,76148,32.889922,-97.2568332
1400 Precinct Line Rd,Hurst,TX,76053,32.8364682,-97.1838138
2135 SE Delaware Ave,Ankeny,IA,50021,41.7094601,-93.5785999
1030 Blairs Ferry Rd NE,Cedar Rapids,IA,52402,42.0371279,-91.6508606
400 Marshall Rd,Superior,CO,80027,39.9702,-105.2365
5700 Overton Ridge Blvd,Fort Worth,TX,76132,32.6784394,-97.4125684
3400 Edgewood Rd SW,Cedar Rapids,IA,52404,41.9447648,-91.7175065
4616 Highway 280,Birmingham,AL,35242,33.4254204,-86.7123756
1654 Gadsden Hwy,Birmingham,AL,35235,33.60291278445361,-86.63691435035676
3649 S Hastings Way,Eau Claire,WI,54701,44.7918,-91.4567
16731 Coit Rd,Dallas,TX,75248,32.9826578,-96.7695892
9390 W Cross Dr,Littleton,CO,80123,39.6118494,-105.1014837
17810 W Center Rd,Omaha,NE,68130,41.2346063,-96.1869659
7730 W Commercial Blvd,Lauderhill,FL,33351,26.1930477,-80.2973545
140 Woodstock Square Ave,Woodstock,GA,30189,34.08503060024902,-84.54368601309746
10711 E 71st St,Tulsa,OK,74133,36.0609,-95.8578
3601 32nd Ave S,Grand Forks,ND,58201,47.8893,-97.07850054495913
6419 Skillman St,Dallas,TX,75231,32.8657739,-96.7451304
11311 Bandera Rd,San Antonio,TX,78250,29.548007,-98.6633403
16300 Southwest Fwy,Sugar Land,TX,77479,29.6488558,-95.5721393
1901 13th Ave E,Tuscaloosa,AL,35404,33.1919811,-87.5182005
10209 E US Highway 36,Avon,IN,46123,39.7636,-86.34390076335877
4850 E Southport Rd,Indianapolis,IN,46237,39.6661,-86.08355929648242
2155 Town Center Blvd,Orlando,FL,32837,28.3693031,-81.406603
11148 Plum Dr,Urbandale,IA,50322,41.6473604,-93.7666286
1501 E San Marnan Dr,Waterloo,IA,50702,42.4644,-92.3254
8830 Albemarle Rd,Charlotte,NC,28227,35.2092484,-80.6944276
8651 Brier Creek Pkwy,Raleigh,NC,27617,35.9029528,-78.7858859
1771 Dunlawton Ave,Port Orange,FL,32127,29.110243,-81.0288114
10900 Lakeline Mall Dr,Austin,TX,78717,30.4760308,-97.796536
9833 N Alpine Rd,Machesney Park,IL,61115,42.355012,-89.0332195
5775 Sunnybrook Dr,Sioux City,IA,51106,42.4537,-96.334
750 S Randall Rd,Algonquin,IL,60102,42.1622689,-88.3386563
14070 Cedar Rd,University Heights,OH,44118,41.5012083,-81.5952832
4247 S Mooney Blvd,Visalia,CA,93277,36.2913,-119.3137
4301 E Virginia Ave,Glendale,CO,80246,39.7076,-104.93745991089942
115 River Hills Rd,Asheville,NC,28805,35.573362,-82.5224288
102 Richmond Ranch Rd,Texarkana,TX,75503,33.5118,-94.1339
3702 Ranch Rd 620 S,Bee Cave,TX,78738,30.31704695344679,-97.94984898448227
4400 Centerplace Dr,Greeley,CO,80634,40.3944127,-104.7499939
608 W Main St,American Fork,UT,84003,40.3787591,-111.8158452
910 Eastlake Pkwy,Chula Vista,CA,91914,32.6347628,-116.970685
2295 N Imperial Ave,El Centro,CA,92243,32.8074,-115.5699
2747 Gulf To Bay Blvd,Clearwater,FL,33759,27.9586381,-82.7244949
800 Commons Pl,Manhattan,KS,66503,39.1729,-96.6054
1040 Timber Dr E,Garner,NC,27529,35.6874752,-78.5796287
2576 Berryhill Rd,Montgomery,AL,36117,32.3605244,-86.1600235
7900 Old Wake Forest Rd,Raleigh,NC,27616,35.8662613,-78.5681413
2800 Meadowbrook Mall,Bridgeport,WV,26330,39.3498,-80.3178
7250 Rivers Ave,North Charleston,SC,29406,32.9405341,-80.0405432
11990 Business Park Blvd N,Champlin,MN,55316,45.1726655,-93.3884192
1500 109th Ave NE,Blaine,MN,55449,45.1679,-93.2321
14333 Hwy 13,Savage,MN,55378,44.8632558,-93.1739374
1931 Campus Ave,Upland,CA,91784,34.1331896,-117.6407337
739 N Highway 67,Cedar Hill,TX,75104,32.5107959,-97.0190609
1801 W Bay Area Blvd,Webster,TX,77598,29.537,-95.1559
3425 W Frye Rd,Chandler,AZ,85226,33.2959616,-111.8998086
1201 W 136th St,Kansas City,MO,64145,38.8779,-94.5318076923077
8282 Golden Link Blvd,Northfield,OH,44067,41.3123,-81.5235
8101 W 151st,Overland Park,KS,66223,38.8544,-94.6803598540146
2755 Canyon Springs Pkwy,Riverside,CA,92507,33.9353569,-117.288719
475 N Germantown Pkwy,Cordova,TN,38018,35.13877996745742,-89.7957019078612
3424 College Ave,San Diego,CA,92115,32.7721674,-117.0703279
1300 E 86th St Ste 35,Indianapolis,IN,46240,39.9125,-86.1384
3730 Belt Line Rd,Addison,TX,75001,32.9531,-96.85455
3227 SE Military Dr,San Antonio,TX,78223,29.3535326,-98.4360617
6331 Roosevelt Blvd,Jacksonville,FL,32244,30.2355956,-81.6958194
4005 US Highway 98 N,Lakeland,FL,33809,28.2443107,-82.0868099
8315 N Rockwell Ave,Oklahoma City,OK,73132,35.5558605,-97.6395117
4160 Town Center Rd,Sherman,TX,75092,33.6733,-96.6141
9615 E Old Spanish Trl,Tucson,AZ,85748,32.2048,-110.7838
78935 US Hwy 111,La Quinta,CA,92253,33.4274,-115.8318
27320 W Lugonia Ave,Redlands,CA,92374,34.0703,-117.2153
694 Fairview Rd,Simpsonville,SC,29680,34.5987564,-82.2290343
4037 Durham Chapel Hill Blvd,Durham,NC,27707,35.9545,-78.9533
13301 Gateway Center Dr,Gainesville,VA,20155,38.79458889976555,-77.6094749868734
1200 Edwards Ferry Rd,Leesburg,VA,20176,39.1155649,-77.5210442
69320 Highway 21,Covington,LA,70433,30.439876975414343,-90.14602302458566
3100 Highway 365 Ste 90,Port Arthur,TX,77642,29.958,-93.8919
2966 E 3rd St,Bloomington,IN,47401,39.164,-86.49426666666666
4433 S Pulaski Rd,Chicago,IL,60632,41.8128576,-87.721993
4085 State Highway 28,Sheboygan Falls,WI,53085,43.7174,-87.8213
1111 Brook Forest Ave,Shorewood,IL,60404,41.527,-88.1989
7601 Kingery Hwy,Willowbrook,IL,60527,41.7452,-87.9438
"7100 Santa Monica Blvd, STE 201",West Hollywood,CA,90046,34.017683,-118.4990042
4050 N Harlem Ave,Norridge,IL,60706,41.9624789,-87.8105526
1154 S Clark St,Chicago,IL,60605,41.8682509,-87.6310916
501 Elsinger Blvd,Conway,AR,72032,35.089811389197465,-92.41260843912404
4191 The Circle at North Hills St,Raleigh,NC,27609,35.8363503,-78.6423132
25901 Highway 290,Cypress,TX,77429,29.9791,-95.7164
1501 Miller Park Way,West Milwaukee,WI,53214,43.0152837,-87.9693778
530 Randall Rd,South Elgin,IL,60177,42.0606272,-88.3515133
5405 Mills Civic Pkwy,West Des Moines,IA,50266,41.5609306,-93.7790149
1400 E Ireland Rd,South Bend,IN,46614,41.6292,-86.2284
28201 Diehl Rd,Warrenville,IL,60555,41.800778,-88.1696039
14302 FM 2920 Rd,Tomball,TX,77377,30.0913256,-95.6395151
2140 E Baseline Rd,Phoenix,AZ,85042,33.3790424,-112.0342849
140 N 12th Ave,Hanford,CA,93230,36.3239324,-119.6759975
325 New Byhalia Rd,Collierville,TN,38017,35.0501271,-89.6909776
23710 Westheimer Pkwy,Katy,TX,77494,29.7409266,-95.7397252
14065 Abercorn St,Savannah,GA,31419,31.9843227,-81.1744973
1865 N National Rd,Columbus,IN,47201,39.218305739106476,-85.88550765214197
3100 W IL Route 60,Mundelein,IL,60060,42.2842274,-88.0444423
8005 Calumet Ave,Munster,IN,46321,41.6098967,-87.6154086
919 Highway D,Osage Beach,MO,65065,38.1275,-92.65086235020755
4795 W Irlo Bronson Memorial Hwy,Kissimmee,FL,34746,28.3474837,-81.6568751
3000 E Highland Dr Ste A,Jonesboro,AR,72401,35.8211,-90.6689
170 Promenade Blvd,Flowood,MS,39232,32.3431198,-90.0610092
13740 Beach Blvd,Jacksonville,FL,32224,30.2842507,-81.4584455
200 NW John Jones Dr,Burleson,TX,76028,32.5235733,-97.3494071
6090A Garners Ferry Rd,Columbia,SC,29209,33.9596,-80.9391
6525 W Diversey Ave,Chicago,IL,60707,41.9300433,-87.7897494
8989 S Howell Ave,Oak Creek,WI,53154,42.882073,-87.915376
10445 Reed St,Westminster,CO,80021,39.8864526,-105.0791073
1201 Beaver Creek Commons Dr,Apex,NC,27502,35.7448782,-78.8777868
6119 Stellhorn Rd,Fort Wayne,IN,46815,41.12046280909499,-85.06399674658002
8455 N Wickham Rd,Melbourne,FL,32940,28.1991,-80.7818
10155 Okeechobee Blvd,West Palm Beach,FL,33411,26.7113524,-80.2025447
1441 W 17th St,Santa Ana,CA,92706,33.6355928,-117.9306908
6025 Wade Hampton Blvd,Taylors,SC,29687,34.935307247026635,-82.27787536010943
3414 8th St SW,Altoona,IA,50009,41.6441,-93.4905
4341 Feedwire Rd,Dayton,OH,45440,39.6588469,-84.1047793
500 N Congress Ave,Lake Park,FL,33403,26.8051557,-80.0828421
7575 Maple St,Wichita,KS,67209,37.6798,-97.43114458333334
10800 E 21st St N,Wichita,KS,67206,37.7233,-97.2161
2727 N Maize Rd,Wichita,KS,67205,37.735708378378376,-97.4627
3369 Princeton Rd,Hamilton,OH,45011,39.3875431,-84.504147
5001 University Towne Center Dr,Morgantown,WV,26501,39.634,-80.0368
1001 Sutton Rd,Streamwood,IL,60107,42.1535469,-88.2073081
355 W Mound Rd,Decatur,IL,62526,39.8903857,-88.9587412
1272 Town And Country Crossing Dr,Chesterfield,MO,63017,38.6204628,-90.5178659
11220 FM 2222,Austin,TX,78730,30.3703,-97.8362
15272 Summit Ave,Fontana,CA,92336,34.1522227,-117.4724384
5110 S Power Rd,Mesa,AZ,85212,33.3232513,-111.6895252
3931 S Gilbert Rd,Gilbert,AZ,85297,33.278616,-111.7864571
12471 Limonite Ave,Mira Loma,CA,91752,33.974953,-117.5900654
1316 N Highway 77,Waxahachie,TX,75165,32.4217688,-96.8377962
3064 Columbia Ave,Franklin,TN,37064,35.8926444,-86.8808399
1275 Caroline St NE,Atlanta,GA,30307,33.7572664,-84.3489399
1201 WP Ball Blvd,Sanford,FL,32771,28.8136,-81.325
2900 Little Rd,Trinity,FL,34655,28.2009001,-82.663929
4211 Trueman Blvd,Hilliard,OH,43026,40.0494652,-83.1262015
10025 E Highland Rd,Howell,MI,48843,42.6331,-83.753
3955 E Broad St,Whitehall,OH,43213,39.961965,-83.0009218
3700 Bradfordville Rd,Tallahassee,FL,32309,30.5609434,-84.2152324
4567 River City Dr,Jacksonville,FL,32246,30.2596425,-81.5245058
300 Meyerland Plaza Mall,Houston,TX,77096,29.6871136,-95.4619848
7400 S Gartrell Rd,Aurora,CO,80016,39.5812116,-104.7216326
5201 N Belt Hwy Ste H,St. Joseph,MO,64506,39.81318408521303,-94.8152
55 Graceland Blvd,Columbus,OH,43214,40.0652943,-83.0212324
8223 State Highway 151,San Antonio,TX,78245,29.4387715,-98.649727
1601 Kingsdale Ave,Redondo Beach,CA,90278,33.8688268,-118.357585
122 E Interstate 20,Weatherford,TX,76087,32.74339835937165,-97.66467226878972
1021 W University Ste B3,Georgetown,TX,78628,30.2324,-97.7575
780 Old Hickory Blvd,Brentwood,TN,37027,36.0375,-86.7855186248062
6604 Lake Worth Blvd,Lake Worth,TX,76135,32.8078,-97.4168
6636 N 73rd Plz,Omaha,NE,68122,41.3205169,-96.0268361
15 McKenna Rd,Arden,NC,28704,35.4474,-82.5348
5120 28th St SE,Grand Rapids,MI,49512,42.9084135,-85.541172
1925 Marketplace Dr SE,Caledonia,MI,49316,42.8448,-85.6248
24646 Brookpark Rd,North Olmsted,OH,44070,41.4199133,-81.8947217
15614 Whittwood Ln,Whittier,CA,90603,33.943191,-117.9961184
8999 Balboa Blvd,Northridge,CA,91325,34.233531,-118.5027466
5071 Kipling St,Wheat Ridge,CO,80033,39.7882304,-105.1130878
5800 S University Dr,Davie,FL,33328,26.0486884,-80.2508871
10001 Commons St,Lone Tree,CO,80124,39.5351089,-104.8843195
2000 Bunker Lake Blvd NW,Andover,MN,55304,45.2199,-93.32025541871921
20700 S Avalon Blvd Ste 700,Carson,CA,90746,33.8447972,-118.2626308
4223 Washington Rd,Evans,GA,30809,33.52788585243474,-82.12201438932607
2370 E Lincoln Hwy,New Lenox,IL,60451,41.50738571428572,-87.91324285714285
110 W Meadows Dr,Glenwood Springs,CO,81601,39.5555092,-107.3436425
19105 Golden Valley Rd,Santa Clarita,CA,91387,34.3943062,-118.4646094
6100 Paseo Del Norte NE,Albuquerque,NM,87113,35.1725425,-106.5821489
3770 N Goldenrod Rd,Winter Park,FL,32792,28.5958424,-81.2876848
3100 Fairlane Dr,Allen Park,MI,48101,42.2957,-83.1957
101 N Cattlemen Rd,Sarasota,FL,34243,27.3867567,-82.4585358
7300 191st St,Tinley Park,IL,60487,41.5487881,-87.5482157
100 Perimeter Center Pl,Atlanta,GA,30346,33.9290289,-84.3414575
1475 University Dr,Burlington,NC,27215,36.0665418,-79.5200935
1544 N Dale Mabry Hwy,Tampa,FL,33607,27.956683,-82.5093554
5901 Douglas Ave,Des Moines,IA,50322,41.6301435,-93.7004096
301 Carroll St,Fort Worth,TX,76107,32.7534134,-97.3553178
11501 W 97th St,Overland Park,KS,66214,38.950481,-94.7199218
1980 Lincoln Way E,Massillon,OH,44646,40.7992151,-81.4981825
1750 Robert St S,West St Paul,MN,55118,44.9196,-93.0807
9885 Wicker Ave,Saint John,IN,46373,41.43794191919192,-87.4702
9882 Adams Ave,Huntington Beach,CA,92646,33.8484737,-118.0804626
7930 Northfield Blvd,Denver,CO,80238,40.0207,-105.1181
5579 Highway 153,Hixson,TN,37343,35.1460728,-85.2522151
6143 U S Highway 98 Ste 80,Hattiesburg,MS,39402,31.3337,-89.4192
2625 Peachtree Pkwy,Suwanee,GA,30024,34.0916,-84.1697
5405 Washington Pike,Knoxville,TN,37918,36.03526391295213,-83.88820826114362
716 N US Highway 441,The Villages,FL,32159,28.9584975,-81.962686
10000 Gulf Center Dr,Fort Myers,FL,33913,26.4840362,-81.7873629
7305 SE 29th St,Midwest City,OK,73110,35.4367753,-97.3961079
17450 US Highway 441,Mount Dora,FL,32757,28.8200001,-81.668587
2415 Tarpon Bay Blvd,Naples,FL,34119,26.2698502,-81.740814
7150 US 19 N,Pinellas Park,FL,33781,27.8373224,-82.6845549
5900 State Rd 7,Lake Worth,FL,33449,26.59227644658655,-80.20537557711587
6801 FM 1960 Rd W,Houston,TX,77069,29.9681857,-95.5307959
10201 Hagen Ranch Rd,Boynton Beach,FL,33437,26.525343,-80.1656267
1125 Veterans Pkwy,Clarksville,IN,47129,38.3285,-85.736
8210 Renaissance Pkwy,Durham,NC,27713,35.9012,-78.95924563758389
4144 Buckeye Pkwy,Grove City,OH,43123,39.8554621,-83.0548169
2901 W Highway 74,Monroe,NC,28110,34.980410298821596,-80.4837877090344
288 Mt Nebo Pointe Dr,Pittsburgh,PA,15237,40.5356928,-80.0685525
1940 W 33rd St,Chicago,IL,60608,41.8361295,-87.6740464
2112 W Peterson Ave,Chicago,IL,60659,41.9912528,-87.6824519
9841 Northlake Centre Pkwy,Charlotte,NC,28216,35.3623,-80.8538
800 Broadview Village Sq,Broadview,IL,60155,41.855122,-87.8508425
7530 Orangethorpe Ave,Buena Park,CA,90621,33.8659233,-117.8093899
1450 S Yuma Palms Pkwy,Yuma,AZ,85365,32.7016032,-114.6052775
1235 Point Mallard Pkwy SE,Decatur,AL,35601,34.5449,-86.9294
853 Harbor Blvd,Destin,FL,32541,30.3904764,-86.4816163
8100 E Broad St,Reynoldsburg,OH,43068,39.9880638,-82.7851587
4120 W 95th St,Oak Lawn,IL,60453,41.7209287,-87.7256233
2001 Millerville Rd,Baton Rouge,LA,70816,30.4411952,-91.022224
9870 Rea Rd,Charlotte,NC,28277,35.0374826,-80.8084807
3378 Cobb Pkwy NW,Acworth,GA,30101,34.036881636977576,-84.68684491093273
3599 W Hillsboro Blvd,Deerfield Beach,FL,33442,26.3196702,-80.1515977
2580 Shearn St,Houston,TX,77007,29.7743131,-95.3848361
9010 N 121st East Ave,Owasso,OK,74055,36.284550490597155,-95.84084377793056
1200 Branson Hills Pkwy,Branson,MO,65616,36.6707,-93.2263
87 Wagner Rd,Monaca,PA,15061,40.7468923,-80.0589694
1515 County Road B W,Roseville,MN,55113,45.0122,-93.1512
7955 Highway N,Dardenne Prairie,MO,63368,38.7658,-90.74148333333333
3255 Owen Rd,Fenton,MI,48430,42.789728571428576,-83.73607142857144
6321 McKee Rd,Fitchburg,WI,53719,43.0157,-89.4858
1628 Highwoods Blvd,Greensboro,NC,27410,36.11289651162791,-79.87883837209301
1750 W 37th St,Hialeah,FL,33012,25.8538448,-80.3176555
1000 Shoppes at Midway Dr,Knightdale,NC,27545,35.7980151,-78.5097811
1910 Bob Bullock Loop,Laredo,TX,78043,27.5053,-99.4485
20877 Hall Rd,Macomb,MI,48044,42.629,-82.91378461538461
8931 Route 30,North Huntingdon,PA,15642,40.320278552481035,-79.69120786472187
1040 Dale Mabry Hwy,Lutz,FL,33548,28.173637,-82.4709369
1183 Williams Reserve Blvd,Wadsworth,OH,44281,41.040644,-81.6907779
1401 Johnson Ferry Rd,Marietta,GA,30062,33.983716795458456,-84.4271
2800 N Sutton Rd,HoffMan Estates,IL,60192,42.0741566,-88.1937233
11525 Parkway Plaza Dr,South Jordan,UT,84095,40.5407,-111.9803
7200 Dodge St,Omaha,NE,68114,41.2608336,-96.0253055
401 S Mount Juliet Rd Ste 600,Mount Juliet,TN,37122,36.1641,-86.5148
900 Spectrum Center Dr,Irvine,CA,92618,33.6669,-117.7321
1209 Peachtree Pkwy N,Peachtree City,GA,30269,33.441,-84.588
12830 Walker Branch Dr,Charlotte,NC,28273,35.1003576,-80.9850833
1090 S Main St,Kernersville,NC,27284,36.107751310779335,-80.09889943817146
7900 32nd St N,Oakdale,MN,55128,44.9962184,-92.9460522
375 18th St,Atlanta,GA,30363,33.7924,-84.3965
9785 Jefferson Davis Hwy,Fredericksburg,VA,22407,38.2251407,-77.5013769
8605 Westheimer Rd,Houston,TX,77063,29.7353248,-95.5177217
4040 N Oracle Rd,Tucson,AZ,85705,32.2798308,-110.9760629
8900 State Highway 121,McKinney,TX,75070,33.1288304,-96.7307326
6700 Topanga Canyon Blvd,Canoga Park,CA,91303,34.1921644,-118.6056547
12701 FM 1960 Rd W,Houston,TX,77065,29.9174751,-95.6130899
1801 S Loop 288,Denton,TX,76205,33.1897023,-97.0985513
4400 N State Rd 7,Coral Springs,FL,33073,26.2847594,-80.204174
2370 S Azusa Ave,West Covina,CA,91792,33.9877265,-117.9344304
9830 W Lower Buckeye Rd,Tolleson,AZ,85353,33.4233448,-112.2700699
7779 Jordan Landing Blvd,West Jordan,UT,84084,40.60948888888889,-111.9862
2300 Park Ave,Tustin,CA,92782,33.9405855,-118.0716521
301 E Morrison Rd,Brownsville,TX,78526,25.9626,-97.53667348484849
400 Oxford Exchange Blvd,Oxford,AL,36203,33.5831,-85.8346
3820 Gulf Shores Pkwy,Gulf Shores,AL,36542,30.3039116,-87.6804496
463737 State Rd 200,Yulee,FL,32097,30.5533,-81.8415
1144 State Route 303,Streetsboro,OH,44241,41.2392,-81.35302040816326
4020 Milan Rd,Sandusky,OH,44870,41.4207445,-82.6730446
18855 N Market Place Dr,Aurora,OH,44202,41.3151,-81.3383
25601 Jeronimo Rd,Mission Viejo,CA,92691,33.62178256766467,-117.68294770299399
4100 Blue Diamond Rd,Las Vegas,NV,89139,36.0404142,-115.19507
3150 Business Park Dr,Vista,CA,92081,33.1487338,-117.2338867
3401 Raleigh Road Pkwy W Ste 1A,Wilson,NC,27896,35.7452,-77.9653
6150 Bayfield Pkwy,Concord,NC,28027,35.7319,-80.8737
2539 Piedmont Rd NE,Atlanta,GA,30324,33.8240337,-84.3632829
2195 Hwy 20 SE,Conyers,GA,30013,33.7018,-84.0027
1800 E Rio Salado Pkwy Ste 120,Tempe,AZ,85281,33.4311842,-111.9394496
1800 Orchard Gateway Blvd,North Aurora,IL,60542,41.7980335,-88.3653072
2400 S Telegraph Rd,Bloomfield Hills,MI,48302,42.6039,-83.2926
747 Grand Ave,Diamond Bar,CA,91765,34.0962586,-118.0358797
1447 E 7th St,Monticello,MN,55362,45.2954,-93.7782
2171 Prairie Center Pkwy,Brighton,CO,80601,39.950403386838595,-104.7820460127273
120 Matthew Dr,Uniontown,PA,15401,39.906192201660396,-79.7546
17502 La Cantera Pkwy,San Antonio,TX,78257,29.6063309,-98.5969415
3401 N Miami Ave Ste 100,Miami,FL,33127,25.8084244,-80.194567
8900 Highway 7,Minneapolis,MN,55426,44.935955,-93.3927156
6064 Marsha Sharp Freeway,Lubbock,TX,79407,33.5479994,-101.9527804
4920 Transit Rd,Depew,NY,14043,42.8788446,-78.698986
15300 Grove Circle N,Maple Grove,MN,55369,45.1361581,-93.4753226
600 Kirkwood Mall,Bismarck,ND,58504,46.7996,-100.7848
18287 Collier Ave,Lake Elsinore,CA,92530,33.6889646,-117.3422664
5601 NW 183rd St,Miami Gardens,FL,33055,25.9403293,-80.2913868
14451 Orchard Pkwy,Westminster,CO,80023,39.96226960431334,-104.99384873005963
2600 S 108th St,West Allis,WI,53227,42.9965302,-88.0456493
755 53rd Ave NE,Fridley,MN,55421,45.0644,-93.25294239130434
4801 McKnight Rd Ste 3,Pittsburgh,PA,15237,40.5263639,-80.0087942
7377 Alcoa Rd,Bryant,AR,72022,34.5985,-92.5344
23912 Commercial Dr,Rosenberg,TX,77471,29.544381723187968,-95.75679282445064
30333 Southfield Rd,Southfield,MI,48076,42.51242790697675,-83.2233
15555 Starfish St,Panama City Beach,FL,32413,30.2208486,-85.8711369
650 N Congress Ave,Boynton Beach,FL,33426,26.4722266,-80.0925326
500 Medley Centre Pkwy,Rochester,NY,14622,43.1974744,-77.5744182
1874 Joe Battle Blvd,El Paso,TX,79936,31.7556677,-106.2668047
3801 Coldwater Rd,Fort Wayne,IN,46805,41.111,-85.1351
551 S Hover Rd,Longmont,CO,80501,40.170383464566925,-105.13084173228347
11150 S Twenty Mile Rd,Parker,CO,80134,39.5443,-104.7754
1400 24th Ave NW,Norman,OK,73069,35.2356215,-97.4829707
9670 Prominent Pt,Colorado Springs,CO,80924,38.968,-104.7213
10900 Stadium Pkwy,Kansas City,KS,66111,39.1255,-94.8351
300 Clydesdale Trl,Medina,MN,55340,45.0452,-93.5254
3600 Nolana Ave,McAllen,TX,78504,26.2393,-98.2239
1985 Sheridan Blvd,Edgewater,CO,80214,39.747450561797756,-105.0534
3100 W 117th St,Cleveland,OH,44111,41.4696675,-81.7695611
24890 N Lake Pleasant Pkwy,Peoria,AZ,85383,33.7098863,-112.2752783
3535 Steelyard Dr,Cleveland,OH,44109,41.4477,-81.6944
1300 University Ave W,Saint Paul,MN,55104,44.9537059,-93.1555476
29451 Plymouth Rd,Livonia,MI,48150,42.36897346894755,-83.3339059192918
300 Cabela Dr,Triadelphia,WV,26059,40.0575,-80.6049
3060 Plaza Bonita Rd,National City,CA,91950,32.6566571,-117.0676375
9525 Crosshill Blvd,Jacksonville,FL,32222,30.1989141,-81.8246296
4701 Lakeview Pkwy,Rowlett,TX,75088,32.9088578,-96.5579496
10150 Bloomingdale Ave,Riverview,FL,33578,27.8951217,-82.3329016
16806 N 7th St,Phoenix,AZ,85022,33.6385968,-112.0689713
2427 E Expressway 83,Mission,TX,78572,26.1968,-98.2983
22832 US Highway 281 N,San Antonio,TX,78258,29.4851498,-98.7168844
6814 Charlotte Pike,Nashville,TN,37209,36.1341623132831,-86.88997536799273
5270 S State Highway 360,Grand Prairie,TX,75052,32.64580450014902,-97.06154785396059
900 Metropolitan Ave Ste 2,Charlotte,NC,28204,35.2147707,-80.8344842
4200 E 4th St,Ontario,CA,91764,34.1276559,-117.900873
10720 SW Village Pkwy,Port Saint Lucie,FL,34987,27.2694362,-80.427942
9777 76th St,Pleasant Prairie,WI,53158,42.5672448,-88.1829134
2310 Metropolitan Pkwy,Sterling Heights,MI,48310,42.5658177,-83.0149525
1851 Vernaci Dr,Washington,MO,63090,38.492,-90.7557
20288 US Highway 18,Apple Valley,CA,92307,34.5378521,-117.2565962
3650 Riverpoint Pkwy,Sheridan,CO,80110,39.6459,-105.0114
550 Grandview Crossing Dr,Gibsonia,PA,15044,40.638,-79.9479
4647 Promenade Way,Matteson,IL,60443,41.4995356,-87.7301935
3343 Daniels Rd,Winter Garden,FL,34787,28.5214905,-81.5865837
9600 Westview Dr,Coral Springs,FL,33076,26.2966757,-80.252295
20900 Westgate Mall,Fairview Park,OH,44126,41.4614846,-81.8521066
3055 Columbia Blvd Ste 101,Titusville,FL,32780,28.5519344,-80.8412428
2735 Beene Blvd,Bossier City,LA,71111,32.5601,-93.7151
2754 Legends Pkwy,Prattville,AL,36066,32.4595,-86.3944
1621 S Alameda St,Compton,CA,90220,33.8797579,-118.2194967
250 S Colonial Dr,Alabaster,AL,35007,33.2243194,-86.8043803
5119 Sunset Blvd,Lexington,SC,29072,34.007498935263634,-81.19650212947273
3550 S General Bruce Dr Bldg A100,Temple,TX,76504,31.0928912,-97.3869594
4727 Highway 90,Pace,FL,32571,30.6018555,-87.1264297
2700 W 120th St,Hawthorne,CA,90250,33.9238179,-118.3779166
3092 N Eastman Rd Ste 100,Longview,TX,75605,32.5822,-94.7255
4001 Phoenix Ave,Fort Smith,AR,72903,35.3388,-94.3864
9500 S IH 35 Ste G,Austin,TX,78748,30.1671,-97.824
11627 W Hillsborough Ave,Tampa,FL,33635,28.0156342,-82.6138111
349 S Weber Rd,Romeoville,IL,60446,41.6317,-88.1069
6445 Richfield Pkwy,Richfield,MN,55423,44.8856044,-93.2488786
200 Glynn Isle,Brunswick,GA,31525,31.6095,-81.9112
8201 S 40th St,Lincoln,NE,68516,40.7280799,-96.6653809
200 Westminster Mall,Westminster,CA,92683,33.74508484956335,-118.01478782947257
2195 Glendale Galleria,Glendale,CA,91210,34.1445,-118.2565
16600 Highlands Center Blvd,Bristol,VA,24202,36.6563,-82.2122
27100 Eucalyptus Ave,Moreno Valley,CA,92555,33.9379087,-117.1891715
7000 York Ave S,Edina,MN,55435,44.8753377,-93.3233074
1890 NE Pine Island Rd,Cape Coral,FL,33909,26.6696283,-81.9329587
8040 Mediterranean Dr,Estero,FL,33928,26.4066012,-81.8064358
950 E 33rd St,Signal Hill,CA,90755,33.8163873,-118.1820656
1801 Gulf Fwy,Dickinson,TX,77539,29.6781256,-95.2719683
4611 Maine Ave SE,Rochester,MN,55904,43.9611,-92.4581
9669 Mentor Ave,Mentor,OH,44060,41.6861648,-81.2920237
9900 Sowder Village Sq,Manassas,VA,20109,38.7397804,-77.5324766
16959 Evans Plaza,Omaha,NE,68116,41.2895978,-96.1801755
5057 Harvey St,Muskegon,MI,49444,43.1478553,-86.205179
651 W Sepulveda Blvd,Carson,CA,90745,33.8093573,-118.2858286
11133 Balboa Blvd,Granada Hills,CA,91344,34.2730479,-118.5025382
5601 Belleville Crossing St,Belleville,IL,62226,38.5226,-90.0296
1907 E Victory Dr,Savannah,GA,31404,32.0407068,-81.0687598
2626 E Stone Dr Ste 90,Kingsport,TN,37660,36.54918749065304,-82.49511250934697
5570 Roswell Rd,Sandy Springs,GA,30342,33.9599197,-84.3668316
39739 LBJ Fwy,Dallas,TX,75237,32.6495923,-96.8626919
2025 N Central Expy,Mckinney,TX,75070,33.2203279,-96.6383698
4885 Eldorado Pkwy,Frisco,TX,75033,33.175141,-96.8385648
810 County Road 42 W,Burnsville,MN,55337,44.7488991,-93.2895265
10404 N 43rd Ave,Glendale,AZ,85302,33.580445,-112.1531742
1101 C Bar Ranch Trl Lot #2,Cedar Park,TX,78613,30.5282372,-97.8129365
3530 Wolverine Dr,Montrose,CO,81401,38.443683,-107.868939
11840 S Marshfield Ave,Chicago,IL,60643,41.679039,-87.6650861
1883 Wentzville Pkwy,Wentzville,MO,63385,38.8151,-90.8761
762 Arlington Rdg,Akron,OH,44312,40.984107,-81.4952641
660 N Edwards Blvd,Lake Geneva,WI,53147,42.5659,-88.4573
2195 E Prosperity Ave,Tulare,CA,93274,36.2254,-119.37813691275169
38019 47Th St E,Palmdale,CA,93552,34.5627041,-118.0484298
8000 Oak Point Rd,Amherst,OH,44001,41.4117,-82.2389
5715 N 19th Ave,Phoenix,AZ,85015,33.5208694,-112.0979749
3489 Lowery Pkwy,Fultondale,AL,35068,33.45,-87.0178
32858 FM 2978 Rd,Magnolia,TX,77354,30.214814635491976,-95.5681
7437 S Olympia Ave W,Tulsa,OK,74132,36.05577146487572,-95.92183724295391
1970 Hilliard Rome Rd,Hilliard,OH,43026,40.0197433,-83.1604278
803 Industrial Blvd,Smyrna,TN,37167,35.9776,-86.5707
1033 Crossings Blvd,Spring Hill,TN,37174,36.0362,-86.6349
15880 San Carlos Blvd Ste 101,Fort Myers,FL,33908,26.5101884,-81.945326
5100 E Highway 100,Palm Coast,FL,32164,29.4684,-81.2743
21398 S Ellsworth Loop Rd,Queen Creek,AZ,85142,33.2532176,-111.6443278
5000 Grandview Pkwy,Davenport,FL,33837,28.1158,-81.9887
4570 Frontage Rd NW,Cleveland,TN,37312,35.2273,-84.8601
3699 Hwy 95,Bullhead City,AZ,86442,35.1060316,-114.6010692
9350 Dynasty Dr,Fort Myers,FL,33905,26.6156775,-81.8012382
3200 Rolling Oaks Blvd,Kissimmee,FL,34747,28.3452172,-81.6130943
4466 N Broadway St,Chicago,IL,60640,41.9972005,-87.6609386
201 E Central Texas Expy Ste 300,Harker Heights,TX,76548,31.070848018112393,-97.67341669357471
4889 Promenade Pkwy,Bessemer,AL,35022,33.3348,-86.9957
120 W Grant St,Orlando,FL,32806,28.5155974,-81.3800882
3225 Louisiana Ave,Lafayette,LA,70501,30.260401397163257,-91.99487485137716
1652 N Beecher Rd,Yorkville,IL,60560,41.69313219319283,-88.4723
4300 Veterans Memorial Dr,Batavia,NY,14020,43.0099,-78.2095
12500 K Plaza,Omaha,NE,68137,41.2142652,-96.1087168
2661 Freeport Rd,Pittsburgh,PA,15238,40.5383539,-79.8364305
1000 Commerce Ave,Atwater,CA,95301,37.34269945280502,-120.61111706792782
5865 Spout Springs Rd,Flowery Branch,GA,30542,34.17826618927441,-83.91333914069394
7800 S Lovers Lane Rd,Franklin,WI,53132,42.903997482810844,-88.03891427601798
6931 FM 1960 Rd E,Humble,TX,77346,30.0005096,-95.1726449
15560 Pilot Knob Rd,Apple Valley,MN,55124,44.727697104677056,-93.1767
6101 N Keystone Ave Ste 200,Indianapolis,IN,46220,39.866571428571426,-86.122
6350 Weddington Rd,Wesley Chapel,NC,28104,35.0042,-80.6868
1000 W Imperial Hwy,La Habra,CA,90631,33.9173,-117.9592
245 S Mills Rd,Ventura,CA,93003,34.2699464,-119.2490343
995 S Cotton Ln,Goodyear,AZ,85338,33.4375112,-112.4218404
2936 Council Tree Ave,Fort Collins,CO,80525,40.5275562,-105.0227468
350 W Lake Mead Pkwy,Henderson,NV,89015,36.0381754,-114.9945756
449 Commerce Dr,Woodbury,MN,55125,44.9398373,-92.9083335
10107 Research Blvd,Austin,TX,78759,30.3935247,-97.7458984
4380 Lawehana St,Honolulu,HI,96818,21.35484074455802,-157.9291422368129
4450 Kapolei Pkwy Ste 100,Kapolei,HI,96707,21.3283,-158.09
5455 Makala Blvd,Kailua Kona,HI,96740,19.6507,-156.0027
4701 N Illinois St,Fairview Heights,IL,62208,38.5712,-89.9848
47330 Michigan Ave,Canton,MI,48188,42.1894812,-83.7285273
2700 Eldridge Pkwy,Houston,TX,77082,29.924808,-95.6102997
1363 W Henderson Ave,Porterville,CA,93257,36.0802,-119.04750416666667
101 S Euclid St,Anaheim,CA,92802,33.8312657,-117.9430887
1150 E Hillside Dr,Broken Arrow,OK,74012,36.0675,-95.7784
9040 N Skyview Ave,Kansas City,MO,64154,39.2724,-94.6545
6750 Cherry Ave,Long Beach,CA,90805,33.8773283,-118.1669023
751 Alta Mere Dr,Fort Worth,TX,76116,32.7598081,-97.4390341
5355 W Loop 1604 N,San Antonio,TX,78253,29.5575991,-98.7102053
1760 Palm Beach Lakes Blvd,West Palm Beach,FL,33401,26.7219246,-80.0854109
3061 Wildflower Dr,Bryan,TX,77802,30.6666,-96.3235
135 Creekside Way,New Braunfels,TX,78130,29.7315469,-98.0733568
13055 Highway 9 N,Milton,GA,30004,34.1106,-84.2689
700 Barnes Dr,San Marcos,TX,78666,29.8472,-97.9674
1102 S Thomas Rd,Fort Wayne,IN,46804,41.07496214285714,-85.2012
5150 Goodman Rd,Olive Branch,MS,38654,34.962614063650186,-89.89787514649034
2950 S Blue Angel Pkwy,Pensacola,FL,32506,30.3623901,-87.3583373
2024 N Rock Rd,Derby,KS,67037,37.3665043,-97.2453991
875 E Main St,Waconia,MN,55387,44.8504,-93.7784
2437 Taylor Park Dr,Reynoldsburg,OH,43068,39.9341,-82.7951
7014 FM 78,San Antonio,TX,78244,29.4446207,-98.5302616
3804 Metro Dr,Council Bluffs,IA,51501,41.2209731,-95.8377707
15800 87th St NE,Otsego,MN,55330,45.2758,-93.5708
1415 Eglin St,Rapid City,SD,57701,44.1012309,-103.2005656
15700 E Briarwood Cir,Aurora,CO,80016,39.5914191,-104.804439
1700 Garth Brooks Blvd,Yukon,OK,73099,35.49166666666667,-97.7604
51 Tierra Rejada Rd,Simi Valley,CA,93065,34.273478,-118.7978058
5680 Balboa Ave,San Diego,CA,92111,32.7995208,-117.2345981
746 NW Loop 410,San Antonio,TX,78216,29.405938,-98.7304337
12795 Main St,Hesperia,CA,92345,34.4247969,-117.3841371
3308 N Dinuba Blvd,Visalia,CA,93291,36.35960298507463,-119.297
1701 N Gaffey St,San Pedro,CA,90731,33.760944,-118.2930834
30340 Haun Rd,Menifee,CA,92584,33.680295,-117.1722563
4174 Westport Rd,Louisville,KY,40207,38.2580682,-85.6426363
5959 Poplar Ave,Memphis,TN,38119,35.1009404,-89.8635916
2022 Cumming Hwy,Canton,GA,30115,34.237199672501724,-84.4575156559432
855 E Birch St,Brea,CA,92821,33.8400116,-117.898106
160 Pavilion Pkwy,Newport,KY,41071,38.9294,-84.6737
3867 Promenade Pkwy,D'iberville,MS,39540,30.4566,-88.9009
400 Corwin Nixon Blvd,South Lebanon,OH,45065,39.3701,-84.2112
6150 Glenway Ave,Cincinnati,OH,45211,39.14418162357854,-84.62243957187279
3101 Aerial Way,Brooksville,FL,34604,28.478975,-82.4787849
130 S Mannheim Rd,Hillside,IL,60162,41.86850816326531,-87.8827
660 S Grand Ave,Sun Prairie,WI,53590,43.1706286,-89.2679671
916 Loganville Hwy Ste 400,Bethlehem,GA,30620,33.93752257193881,-83.7635
8503 S Sam Houston Pkwy E,Houston,TX,77075,29.6020557,-95.2641475
18700 Limestone Commercial Dr Ste 100,Pflugerville,TX,78660,30.4674489,-97.598889
7090 N 5th St,North Las Vegas,NV,89084,36.2891964,-115.1331529
2404 Promenade Blvd,Rogers,AR,72758,36.301952324853666,-94.17523313698784
27818 Clinton Keith Rd,Murrieta,CA,92562,33.6042345,-117.1728614
5561 Grove Blvd,Birmingham,AL,35226,33.3992,-86.8459
150 E Stacy Rd Ste 2400,Allen,TX,75002,33.1236661,-96.6620249
7841 Amana Trail,Inver Grove Heights,MN,55077,44.8360492,-93.0873174
4760 State Highway 121,Lewisville,TX,75056,32.8833095,-97.1009424
2901 Ming Ave,Bakersfield,CA,93304,35.3367447,-119.0359013
1040 NE CORONADO,Blue Springs,MO,64014,39.3307,-94.2503
214 Viking Plaza Dr,Cedar Falls,IA,50613,42.4829,-92.4433
3181 Chili Ave,Rochester,NY,14624,43.1044751,-77.7467181
2030 Hammond Square Dr,Hammond,LA,70403,30.4804,-90.4631
259 Interstate 45 S,Huntsville,TX,77340,30.4291,-95.4947
1401 W Esplanade Ave Ste 200,Kenner,LA,70065,30.0135538,-90.1382243
1021 Highline Pl,Sioux Falls,SD,57110,43.5432532,-96.6561661
10019 S Memorial Dr,Tulsa,OK,74133,36.01880067114094,-95.8863
28800 Dequindre Rd,Warren,MI,48092,42.6525656,-83.0935236
1250 W Sunset Dr,Waukesha,WI,53189,42.989707,-88.2599364
4305 Norfolk Pkwy Ste 102,Melbourne,FL,32904,28.0387026,-80.6630268
3440 W FM 544,Wylie,TX,75098,33.0118102,-96.6302987
9099 Plainfield Rd,Blue Ash,OH,45236,39.22444047619047,-84.39369285714285
2555 Sycamore Rd,Dekalb,IL,60115,41.95629100050172,-88.72212810654689
425 Cox Rd,Gastonia,NC,28054,35.25771257161792,-81.1343650346448
695 S Green Valley Pkwy,Henderson,NV,89052,36.0028491,-115.0852778
6371 N Decatur Blvd,Las Vegas,NV,89130,36.3428159,-115.2157246
1629 N Town East Blvd,Mesquite,TX,75150,32.7953509,-96.6560858
3900 N 124th St,Wauwatosa,WI,53222,43.0878341,-88.0644385
5518 W High Market Dr,West Valley City,UT,84120,40.7139951,-112.0228995
1200 N Larrabee St,Chicago,IL,60610,41.9187739,-87.644176
809 N Azusa Ave,Azusa,CA,91702,34.135734,-117.9078815
6000 Sepulveda Blvd Ste 2250,Culver City,CA,90230,34.1796087,-118.465917
1110 S 300 W,Salt Lake City,UT,84101,40.7445571,-111.9017846
100 Hookele St,Kahului,HI,96732,20.876409803921568,-156.4550862745098
391 E MAKAALA ST,Hilo,HI,96720,19.6996,-155.0584
345 Hahani St,Kailua,HI,96734,21.391339918062318,-157.7410866939792
11000 Stockdale Hwy,Bakersfield,CA,93311,35.3501404,-119.1252528
1265 Sgt Jon Stiles Dr,Highlands Ranch,CO,80129,39.5498543,-105.0057782
460 S Vance St,Lakewood,CO,80226,39.7078635,-105.0794805
3001 Market Center Dr,Morrisville,NC,27560,35.8056257,-78.8158423
5188 Kyle Center Dr,Kyle,TX,78640,30.0114081,-97.8647134
720 SW 19TH ST,Moore,OK,73160,35.4453843,-97.6000404
12975 Shelbyville Rd Ste 100,Louisville,KY,40243,38.2465755,-85.5144434
990 Avenida Vista Hermosa,San Clemente,CA,92673,33.4674,-117.6135
420 S University Ave,Little Rock,AR,72205,34.749255815856316,-92.3413
2030 NW 82nd Street,Lawton,OK,73505,34.6284849,-98.4918381
140 Sayebrook Pkwy,Myrtle Beach,SC,29588,33.6540821,-78.9800195
3777 S ARIZONA AVE,Chandler,AZ,85248,33.2502707,-111.8384385
8917 Tehama Ridge Pkwy,Fort Worth,TX,76177,32.9212109,-97.3269913
6231 PENN AVE,PITTSBURGH,PA,15206,40.4608543,-79.9219101
11990 LOS OSOS VALLEY RD,San Luis Obispo,CA,93405,35.312116,-120.8518535
2850 N OXNARD BLVD,Oxnard,CA,93036,34.2431616,-119.1779686
750 Hilldale Way,Madison,WI,53705,43.0746604,-89.4545922
10861 Weyburn Ave,Los Angeles,CA,90024,34.0624741,-118.4434386
8480 Beverly Blvd Ste 1A,Los Angeles,CA,90048,34.0758752,-118.3759858
735 S Figueroa St,Los Angeles,CA,90017,34.0487735,-118.2607666
12725 W Bluemound Rd,Brookfield,WI,53005,43.033847,-88.0710323
1101 W Jackson Blvd,Chicago,IL,60607,41.877686,-87.65485
7129 O'Kelly Chapel Road,Cary,NC,27519,35.844423,-78.8856058
100 Grand Hill Place,Holly Springs,NC,27540,35.6604638,-78.8515643
201 S Hills Vlg,Pittsburgh,PA,15241,40.3427218,-80.0570338
531 Brookwood Village,Homewood,AL,35209,33.4703,-86.7723
1 S State St,Chicago,IL,60603,41.8817626,-87.627299
280 E Via Rancho Pkwy,Escondido,CA,92025,33.0696509,-117.0660711
1223 Austin Hwy,San Antonio,TX,78209,29.4892631,-98.4470782
30740 Russell Ranch Rd,Westlake Village,CA,91362,34.1486659,-118.7993557
2120 Louisiana Blvd NE,Albuquerque,NM,87110,35.10092,-106.5677323
1900 Town Center Blvd,Knoxville,TN,37922,35.8605,-84.1005
8207 HIGHWAY 72 W,Madison,AL,35758,34.75035759035006,-86.76006485376392
3130 44th St SW,Grandville,MI,49418,42.8822191,-85.7404924
7777 E Hampden Ave,Denver,CO,80231,39.6554042,-104.9002507
480 W Washington St,East Peoria,IL,61611,40.67091372452217,-89.58689512132037
701 Rio Rancho Road,Pomona,CA,91766,34.0276452,-117.7614756
7800 SW 104th St,Miami,FL,33156,25.6734032,-80.321344
10101 W Flagler St,Miami,FL,33174,25.7711462,-80.3603652
10560 Sawmill Pky,Powell,OH,43065,40.193413,-83.098325
17170 Camino Del Sur,San Diego,CA,92127,33.0118,-117.1327
975 Rockland Rd,Lake Bluff,IL,60044,42.2787603,-87.873639
6635 N Grand Pkwy W,Spring,TX,77389,29.8018,-95.7749
10241 W Grand Pkwy S,Richmond,TX,77407,29.6791,-95.7626
"1450 Ala Moana Blvd, Ste 2401",Honolulu,HI,96814,21.2892,-157.842
443 College Blvd,Oceanside,CA,92057,33.2472002,-117.2932978
1329 5th St SE,Minneapolis,MN,55414,44.9882601,-93.2529253
2080 Ford Pkwy,Saint Paul,MN,55116,44.9175853,-93.1882222
3030 Grape St,San Diego,CA,92102,32.7268805,-117.1290194
401 E Illinois St,Chicago,IL,60611,41.8908304,-87.6169934
3204 N Clark St,Chicago,IL,60657,42.0185617,-87.6762643
3300 N. Ashland Ave,Chicago,IL,60657,41.941865,-87.6695534
3131 S HOOVER ST STE 1910,LOS ANGELES,CA,90089,34.0259123,-118.2853624
10340 N Sepulveda Blvd,Mission Hills,CA,91345,34.258021719313824,-118.46717987509565
1346 E 53rd St,Chicago,IL,60615,41.7979773,-87.6232843
2650 N. Clark St,Chicago,IL,60614,42.0185617,-87.6762643
5760 E 7TH ST,Long Beach,CA,90803,33.7749113,-118.1193965
4255 CAMPUS DR STE A150,Irvine,CA,92612,33.64782808737828,-117.83464382524343
201 W Beaver Ave,State College,PA,16801,40.7835053,-77.8734814
250 NW 13th St,Gainesville,FL,32601,29.7638047,-82.4047611
1300 W Lake St,Minneapolis,MN,55408,44.9484,-93.2957
"143 W Franklin St, Ste 120",Chapel Hill,NC,27516,35.9122779,-79.0573353
2021 Guadalupe St,Austin,TX,78705,30.283469,-97.7412775
4955 Dempster St,Skokie,IL,60077,42.0404031,-87.7515106
235 Calhoun St,Cincinnati,OH,45219,39.12804437637334,-84.51585034578419
2512 Hillsborough St,Raleigh,NC,27607,35.7882376,-78.6687386
2620 E Chapman Ave,Orange,CA,92869,33.7874746,-117.8254195
1625 E Camelback Rd,Phoenix,AZ,85016,33.5078263,-112.0464638
4211 Eagle Rock Blvd,Los Angeles,CA,90065,34.1222908,-118.2248584
1129 Lake Street,Oak Park,IL,60301,41.7430508,-87.862247
